fips,st,county,name,income_family,metro,price_m2,median_price,sales
02013,AK,Aleutians East Borough,"Aleutians East Borough, AK",85200,0,529.2,64167,3
02016,AK,Aleutians West Census Area,"Aleutians West Census Area, AK",136700,0,3337.0,512400,3
02020,AK,Anchorage Municipality,"Anchorage Borough, AK",129000,1,2647.7,426444,3280
02050,AK,Bethel Census Area,"Bethel Census Area, AK",79800,0,2277.0,357065,22
02060,AK,Bristol Bay Borough,"Bristol Bay Borough, AK",117200,0,659.2,188750,2
02068,AK,Denali Borough,"Denali Borough, AK",147000,0,2236.2,199580,5
02070,AK,Dillingham Census Area,"Dillingham Census Area, AK",82200,0,4065.7,422500,2
02090,AK,Fairbanks North Star Borough,"Fairbanks North Star Borough, AK",114900,1,2238.0,347761,1151
02100,AK,Haines Borough,"Haines Borough, AK",110300,0,2139.7,384000,14
02105,AK,Hoonah-Angoon Census Area,"Hoonah-Angoon Census Area, AK",92600,0,2510.4,285000,2
02110,AK,Juneau City and Borough,"Juneau Borough, AK",128700,0,3245.4,429367,24
02122,AK,Kenai Peninsula Borough,"Kenai Peninsula Borough, AK",111600,0,2661.6,378378,765
02130,AK,Ketchikan Gateway Borough,"Ketchikan Gateway Borough, AK",119300,0,2479.6,404515,49
02150,AK,Kodiak Island Borough,"Kodiak Island Borough, AK",113100,0,2984.1,470272,57
02170,AK,Matanuska-Susitna Borough,"Matanuska-Susitna Borough, AK",120600,1,2728.8,425011,1834
02180,AK,Nome Census Area,"Nome Census Area, AK",82000,0,2456.7,392500,2
02185,AK,North Slope Borough,"North Slope Borough, AK",102200,0,2509.9,373500,9
02188,AK,Northwest Arctic Borough,"Northwest Arctic Borough, AK",86800,0,2657.3,675000,4
02195,AK,Petersburg Borough,"Petersburg Borough, AK",102400,0,2463.5,434018,28
02198,AK,Prince of Wales-Hyder Census Area,"Prince of Wales-Hyder Census Area, AK",82800,0,2688.9,332146,24
02220,AK,Sitka City and Borough,"Sitka Borough, AK",122000,0,3290.4,592340,10
02240,AK,Southeast Fairbanks Census Area,"Southeast Fairbanks Census Area, AK",96300,0,2024.4,312253,84
02275,AK,Wrangell City and Borough,"Wrangell Borough, AK",79700,0,2259.8,288571,14
02282,AK,Yakutat City and Borough,"Yakutat Borough, AK",109800,0,633.2,50000,1
02290,AK,Yukon-Koyukuk Census Area,"Yukon-Koyukuk Census Area, AK",68000,0,1088.2,167660,5
01001,AL,Autauga County,"Autauga County, AL",83600,1,1637.0,296781,752
01003,AL,Baldwin County,"Baldwin County, AL",93000,1,2162.6,384997,6777
01005,AL,Barbour County,"Barbour County, AL",65300,0,1278.1,252525,122
01007,AL,Bibb County,"Bibb County, AL",95900,1,1381.3,202880,81
01009,AL,Blount County,"Blount County, AL",95900,1,1568.1,253375,486
01011,AL,Bullock County,"Bullock County, AL",49700,0,2908.5,502397,14
01013,AL,Butler County,"Butler County, AL",69600,0,1109.6,187574,64
01015,AL,Calhoun County,"Calhoun County, AL",74000,1,1272.9,206713,1078
01017,AL,Chambers County,"Chambers County, AL",68400,0,1394.0,204352,278
01019,AL,Cherokee County,"Cherokee County, AL",71700,0,1805.8,276774,261
01021,AL,Chilton County,"Chilton County, AL",80100,1,1531.4,252634,363
01023,AL,Choctaw County,"Choctaw County, AL",71300,0,1050.0,382000,4
01025,AL,Clarke County,"Clarke County, AL",78400,0,1061.6,214375,40
01027,AL,Clay County,"Clay County, AL",66700,0,1396.5,256769,36
01029,AL,Cleburne County,"Cleburne County, AL",82900,0,1682.4,251373,84
01031,AL,Coffee County,"Coffee County, AL",86400,0,1559.7,270589,754
01033,AL,Colbert County,"Colbert County, AL",82400,1,1496.4,242744,689
01035,AL,Conecuh County,"Conecuh County, AL",60100,0,984.1,158513,47
01037,AL,Coosa County,"Coosa County, AL",73900,0,1559.5,411655,50
01039,AL,Covington County,"Covington County, AL",70800,0,1228.2,201428,301
01041,AL,Crenshaw County,"Crenshaw County, AL",71900,0,941.9,153471,17
01043,AL,Cullman County,"Cullman County, AL",83500,0,1661.8,255588,1096
01045,AL,Dale County,"Dale County, AL",75400,0,1365.3,204879,415
01047,AL,Dallas County,"Dallas County, AL",57000,0,861.9,162506,157
01049,AL,DeKalb County,"DeKalb County, AL",59700,0,1646.8,236943,567
01051,AL,Elmore County,"Elmore County, AL",83600,1,1686.7,301498,1263
01053,AL,Escambia County,"Escambia County, AL",65300,0,1118.2,181892,235
01055,AL,Etowah County,"Etowah County, AL",70600,1,1369.0,226673,930
01057,AL,Fayette County,"Fayette County, AL",77700,0,1085.6,180007,121
01059,AL,Franklin County,"Franklin County, AL",71300,0,1130.9,186166,138
01061,AL,Geneva County,"Geneva County, AL",78200,1,1329.1,198835,177
01063,AL,Greene County,"Greene County, AL",47100,1,1176.2,183545,11
01065,AL,Hale County,"Hale County, AL",91100,1,1491.7,203432,63
01067,AL,Henry County,"Henry County, AL",85500,1,1595.7,277154,171
01069,AL,Houston County,"Houston County, AL",78200,1,1472.9,245026,1124
01071,AL,Jackson County,"Jackson County, AL",68100,0,1560.4,253602,357
01073,AL,Jefferson County,"Jefferson County, AL",95900,1,1652.2,289357,8437
01075,AL,Lamar County,"Lamar County, AL",64800,0,924.2,158144,16
01077,AL,Lauderdale County,"Lauderdale County, AL",82400,1,1555.6,263846,1097
01079,AL,Lawrence County,"Lawrence County, AL",95200,1,1414.9,215522,209
01081,AL,Lee County,"Lee County, AL",95300,1,1995.4,371490,2863
01083,AL,Limestone County,"Limestone County, AL",115500,1,1780.9,323359,2411
01085,AL,Lowndes County,"Lowndes County, AL",83600,1,1127.4,202210,20
01087,AL,Macon County,"Macon County, AL",58900,1,1105.2,145468,47
01089,AL,Madison County,"Madison County, AL",115500,1,1773.6,326889,6915
01091,AL,Marengo County,"Marengo County, AL",78600,0,1052.8,184856,37
01093,AL,Marion County,"Marion County, AL",72200,0,1076.6,171159,159
01095,AL,Marshall County,"Marshall County, AL",85100,0,1706.0,268339,1050
01097,AL,Mobile County,"Mobile County, AL",81500,1,1511.7,236603,4485
01099,AL,Monroe County,"Monroe County, AL",65800,0,837.1,162296,56
01101,AL,Montgomery County,"Montgomery County, AL",83600,1,1251.0,219133,2624
01103,AL,Morgan County,"Morgan County, AL",95200,1,1585.3,252286,1473
01105,AL,Perry County,"Perry County, AL",44400,0,699.2,119313,15
01107,AL,Pickens County,"Pickens County, AL",66500,1,1074.2,171705,52
01109,AL,Pike County,"Pike County, AL",77700,0,1550.0,246147,56
01111,AL,Randolph County,"Randolph County, AL",73500,0,1670.4,284572,178
01117,AL,Shelby County,"Shelby County, AL",95900,1,1852.7,359390,3891
01115,AL,St. Clair County,"St. Clair County, AL",95900,1,1722.5,288650,1380
01119,AL,Sumter County,"Sumter County, AL",51300,0,680.8,133916,28
01121,AL,Talladega County,"Talladega County, AL",73600,0,1373.1,209192,748
01123,AL,Tallapoosa County,"Tallapoosa County, AL",76100,0,2466.2,440172,501
01125,AL,Tuscaloosa County,"Tuscaloosa County, AL",91100,1,1854.7,287573,2870
01127,AL,Walker County,"Walker County, AL",77900,1,1367.7,228705,465
01129,AL,Washington County,"Washington County, AL",91700,0,1109.6,183665,31
01131,AL,Wilcox County,"Wilcox County, AL",58900,0,822.0,198907,14
01133,AL,Winston County,"Winston County, AL",69800,0,2305.9,451295,238
05001,AR,Arkansas County,"Arkansas County, AR",78300,0,773.7,139004,56
05003,AR,Ashley County,"Ashley County, AR",65100,0,789.4,132798,86
05005,AR,Baxter County,"Baxter County, AR",66600,0,1552.8,233160,683
05007,AR,Benton County,"Benton County, AR",101800,1,2282.0,390311,6797
05009,AR,Boone County,"Boone County, AR",75000,0,1440.4,222190,491
05011,AR,Bradley County,"Bradley County, AR",67900,0,962.7,176554,37
05013,AR,Calhoun County,"Calhoun County, AR",78800,0,1037.5,191531,13
05015,AR,Carroll County,"Carroll County, AR",79800,0,1817.7,309507,338
05017,AR,Chicot County,"Chicot County, AR",60000,0,960.8,184853,15
05019,AR,Clark County,"Clark County, AR",73000,0,1188.2,188077,150
05021,AR,Clay County,"Clay County, AR",62000,0,864.0,112160,156
05023,AR,Cleburne County,"Cleburne County, AR",74200,0,1849.2,305814,422
05025,AR,Cleveland County,"Cleveland County, AR",75200,0,957.6,172000,30
05027,AR,Columbia County,"Columbia County, AR",69300,0,945.7,173831,35
05029,AR,Conway County,"Conway County, AR",66700,0,1235.7,176947,164
05031,AR,Craighead County,"Craighead County, AR",79300,1,1538.7,228413,1575
05033,AR,Crawford County,"Crawford County, AR",80600,1,1560.3,231912,699
05035,AR,Crittenden County,"Crittenden County, AR",91100,1,1413.3,211974,430
05037,AR,Cross County,"Cross County, AR",66700,0,1146.4,183850,133
05039,AR,Dallas County,"Dallas County, AR",76300,0,772.8,110980,20
05041,AR,Desha County,"Desha County, AR",48300,0,779.1,111183,31
05043,AR,Drew County,"Drew County, AR",66400,0,1263.1,236044,68
05045,AR,Faulkner County,"Faulkner County, AR",92700,1,1667.4,259528,1819
05047,AR,Franklin County,"Franklin County, AR",68500,0,1281.4,177620,154
05049,AR,Fulton County,"Fulton County, AR",52500,0,1414.5,185205,113
05051,AR,Garland County,"Garland County, AR",73100,1,1664.2,265609,1740
05053,AR,Grant County,"Grant County, AR",100800,1,1467.0,211576,197
05055,AR,Greene County,"Greene County, AR",72200,0,1339.9,196541,580
05057,AR,Hempstead County,"Hempstead County, AR",70100,0,797.2,109891,58
05059,AR,Hot Spring County,"Hot Spring County, AR",70100,0,1301.8,180248,254
05061,AR,Howard County,"Howard County, AR",64000,0,1010.5,191307,61
05063,AR,Independence County,"Independence County, AR",71100,0,1256.5,202823,345
05065,AR,Izard County,"Izard County, AR",64000,0,1391.9,204846,176
05067,AR,Jackson County,"Jackson County, AR",59700,0,842.9,123373,87
05069,AR,Jefferson County,"Jefferson County, AR",66000,0,909.8,145992,443
05071,AR,Johnson County,"Johnson County, AR",64800,0,1386.4,204333,236
05073,AR,Lafayette County,"Lafayette County, AR",64600,0,786.3,161810,5
05075,AR,Lawrence County,"Lawrence County, AR",66600,0,1042.9,137333,151
05077,AR,Lee County,"Lee County, AR",50600,0,460.6,91667,6
05079,AR,Lincoln County,"Lincoln County, AR",67000,0,917.1,144045,29
05081,AR,Little River County,"Little River County, AR",79500,1,1281.6,206268,34
05083,AR,Logan County,"Logan County, AR",76000,0,1095.0,139064,141
05085,AR,Lonoke County,"Lonoke County, AR",92700,1,1589.6,235812,1258
05087,AR,Madison County,"Madison County, AR",101800,1,1868.7,275555,146
05089,AR,Marion County,"Marion County, AR",63700,0,1488.5,220324,222
05091,AR,Miller County,"Miller County, AR",71500,1,1288.4,205299,276
05093,AR,Mississippi County,"Mississippi County, AR",67900,0,1081.0,162454,294
05095,AR,Monroe County,"Monroe County, AR",74200,0,836.0,164369,16
05097,AR,Montgomery County,"Montgomery County, AR",64200,0,1922.5,226851,87
05099,AR,Nevada County,"Nevada County, AR",53400,0,635.0,107329,21
05101,AR,Newton County,"Newton County, AR",70700,0,1728.3,238194,90
05103,AR,Ouachita County,"Ouachita County, AR",69100,0,958.2,155977,183
05105,AR,Perry County,"Perry County, AR",92700,1,1518.5,240140,78
05107,AR,Phillips County,"Phillips County, AR",54500,0,384.5,90060,29
05109,AR,Pike County,"Pike County, AR",73000,0,1204.0,195268,43
05111,AR,Poinsett County,"Poinsett County, AR",66100,1,1190.1,167637,184
05113,AR,Polk County,"Polk County, AR",66200,0,1318.4,195776,208
05115,AR,Pope County,"Pope County, AR",76000,0,1429.2,214154,643
05117,AR,Prairie County,"Prairie County, AR",87400,0,961.3,128680,20
05119,AR,Pulaski County,"Pulaski County, AR",92700,1,1511.7,240652,5199
05121,AR,Randolph County,"Randolph County, AR",70100,0,1129.7,150421,95
05125,AR,Saline County,"Saline County, AR",92700,1,1662.0,279285,2199
05127,AR,Scott County,"Scott County, AR",63200,0,1232.9,186688,56
05129,AR,Searcy County,"Searcy County, AR",57300,0,1482.2,173392,84
05131,AR,Sebastian County,"Sebastian County, AR",80600,1,1454.0,226658,1432
05133,AR,Sevier County,"Sevier County, AR",67000,0,1335.4,232661,42
05135,AR,Sharp County,"Sharp County, AR",64400,0,1187.6,144382,287
05123,AR,St. Francis County,"St. Francis County, AR",55400,0,908.1,152018,56
05137,AR,Stone County,"Stone County, AR",56800,0,1597.5,220725,138
05139,AR,Union County,"Union County, AR",72300,0,1052.2,174794,286
05141,AR,Van Buren County,"Van Buren County, AR",64000,0,1310.4,172459,202
05143,AR,Washington County,"Washington County, AR",101800,1,2195.2,359614,3967
05145,AR,White County,"White County, AR",76600,0,1441.7,208440,924
05147,AR,Woodruff County,"Woodruff County, AR",68500,0,921.3,135826,27
05149,AR,Yell County,"Yell County, AR",76100,0,1281.1,195259,137
04001,AZ,Apache County,"Apache County, AZ",55300,0,2305.8,365386,184
04003,AZ,Cochise County,"Cochise County, AZ",71200,1,1902.3,289464,1462
04005,AZ,Coconino County,"Coconino County, AZ",101900,1,4100.4,679325,1621
04007,AZ,Gila County,"Gila County, AZ",76100,0,3177.5,447609,752
04009,AZ,Graham County,"Graham County, AZ",81100,0,2152.6,323132,95
04011,AZ,Greenlee County,"Greenlee County, AZ",88400,0,2022.6,264744,6
04012,AZ,La Paz County,"La Paz County, AZ",66700,0,2498.0,271191,79
04013,AZ,Maricopa County,"Maricopa County, AZ",109600,1,2856.1,481942,59520
04015,AZ,Mohave County,"Mohave County, AZ",73800,1,2414.4,355415,4101
04017,AZ,Navajo County,"Navajo County, AZ",67200,0,3024.3,430982,1288
04019,AZ,Pima County,"Pima County, AZ",96100,1,2348.6,364237,13702
04021,AZ,Pinal County,"Pinal County, AZ",109600,1,2201.7,381625,9941
04023,AZ,Santa Cruz County,"Santa Cruz County, AZ",66100,0,1959.1,286633,493
04025,AZ,Yavapai County,"Yavapai County, AZ",87300,1,3177.6,506045,4784
04027,AZ,Yuma County,"Yuma County, AZ",76200,1,2317.5,309464,1995
06001,CA,Alameda County,"Alameda County, CA",159800,1,7142.6,1068140,10267
06003,CA,Alpine County,"Alpine County, CA",129500,0,3410.4,478245,47
06005,CA,Amador County,"Amador County, CA",109900,0,2752.8,435609,522
06007,CA,Butte County,"Butte County, CA",90700,1,2905.9,411347,1928
06009,CA,Calaveras County,"Calaveras County, CA",101500,0,2930.9,460977,729
06011,CA,Colusa County,"Colusa County, CA",96400,0,2678.7,424772,101
06013,CA,Contra Costa County,"Contra Costa County, CA",159800,1,5397.7,795692,9798
06015,CA,Del Norte County,"Del Norte County, CA",91000,0,2623.4,382640,181
06017,CA,El Dorado County,"El Dorado County, CA",120800,1,3748.8,692688,2658
06019,CA,Fresno County,"Fresno County, CA",88500,1,2801.3,427051,6556
06021,CA,Glenn County,"Glenn County, CA",87700,0,2654.4,356870,169
06023,CA,Humboldt County,"Humboldt County, CA",80100,0,3126.4,417057,1265
06025,CA,Imperial County,"Imperial County, CA",73100,1,2571.6,383938,628
06027,CA,Inyo County,"Inyo County, CA",97200,0,3515.8,554557,96
06029,CA,Kern County,"Kern County, CA",81700,1,2457.3,383928,7438
06031,CA,Kings County,"Kings County, CA",84300,1,2523.9,365645,1048
06033,CA,Lake County,"Lake County, CA",85200,0,2299.4,331143,693
06035,CA,Lassen County,"Lassen County, CA",84300,0,1870.0,230880,266
06037,CA,Los Angeles County,"Los Angeles County, CA",106600,1,6412.7,914832,49541
06039,CA,Madera County,"Madera County, CA",80800,1,2660.0,436674,1319
06041,CA,Marin County,"Marin County, CA",185700,1,8536.0,1448400,2458
06043,CA,Mariposa County,"Mariposa County, CA",88800,0,2734.9,412737,207
06045,CA,Mendocino County,"Mendocino County, CA",83700,0,3551.5,509993,613
06047,CA,Merced County,"Merced County, CA",84000,1,2803.1,420979,1820
06049,CA,Modoc County,"Modoc County, CA",67900,0,1342.9,209636,22
06051,CA,Mono County,"Mono County, CA",118500,0,6845.0,862310,374
06053,CA,Monterey County,"Monterey County, CA",104500,1,6280.1,916475,2153
06055,CA,Napa County,"Napa County, CA",146700,1,5986.6,894870,1023
06057,CA,Nevada County,"Nevada County, CA",124600,0,3695.5,642307,1705
06059,CA,Orange County,"Orange County, CA",136600,1,7299.4,1209888,21108
06061,CA,Placer County,"Placer County, CA",120800,1,3731.4,678209,5768
06063,CA,Plumas County,"Plumas County, CA",95300,0,2902.7,424701,395
06065,CA,Riverside County,"Riverside County, CA",103900,1,3460.7,607296,24848
06067,CA,Sacramento County,"Sacramento County, CA",120800,1,3505.0,532293,12770
06069,CA,San Benito County,"San Benito County, CA",133900,1,4467.2,772659,485
06071,CA,San Bernardino County,"San Bernardino County, CA",103900,1,3584.0,543444,17497
06073,CA,San Diego County,"San Diego County, CA",130800,1,6294.1,907788,24015
06075,CA,San Francisco County,"San Francisco County, CA",185700,1,11054.0,1508023,5511
06077,CA,San Joaquin County,"San Joaquin County, CA",104600,1,3263.3,536421,5314
06079,CA,San Luis Obispo County,"San Luis Obispo County, CA",120900,1,5803.2,889496,2713
06081,CA,San Mateo County,"San Mateo County, CA",185700,1,11125.0,1669520,5160
06083,CA,Santa Barbara County,"Santa Barbara County, CA",113300,1,7145.3,1045084,2751
06085,CA,Santa Clara County,"Santa Clara County, CA",195200,1,10310.8,1631858,11631
06087,CA,Santa Cruz County,"Santa Cruz County, CA",132800,1,7757.3,1172241,1766
06089,CA,Shasta County,"Shasta County, CA",101800,1,2642.8,379546,2162
06091,CA,Sierra County,"Sierra County, CA",81100,0,2462.6,449305,44
06093,CA,Siskiyou County,"Siskiyou County, CA",77300,0,2215.9,316457,489
06095,CA,Solano County,"Solano County, CA",124600,1,3663.0,574031,3829
06097,CA,Sonoma County,"Sonoma County, CA",132000,1,5295.7,799773,4413
06099,CA,Stanislaus County,"Stanislaus County, CA",98500,1,3192.6,472071,3715
06101,CA,Sutter County,"Sutter County, CA",98900,1,2806.8,444357,621
06103,CA,Tehama County,"Tehama County, CA",76800,0,2448.4,347440,531
06105,CA,Trinity County,"Trinity County, CA",79500,0,1942.3,283480,150
06107,CA,Tulare County,"Tulare County, CA",82100,1,2572.2,382699,3199
06109,CA,Tuolumne County,"Tuolumne County, CA",101600,0,2661.5,391780,793
06111,CA,Ventura County,"Ventura County, CA",131300,1,5516.5,875937,6032
06113,CA,Yolo County,"Yolo County, CA",135900,1,3897.5,625581,1393
06115,CA,Yuba County,"Yuba County, CA",98900,1,2827.3,440608,828
08001,CO,Adams County,"Adams County, CO",140100,1,2619.8,504227,7320
08003,CO,Alamosa County,"Alamosa County, CO",67900,0,2172.8,300121,95
08005,CO,Arapahoe County,"Arapahoe County, CO",140100,1,2682.8,524569,8213
08007,CO,Archuleta County,"Archuleta County, CO",95300,0,3621.0,610350,339
08009,CO,Baca County,"Baca County, CO",61500,0,787.3,166518,22
08011,CO,Bent County,"Bent County, CO",68400,0,1159.6,168688,26
08013,CO,Boulder County,"Boulder County, CO",150600,1,3745.8,733048,4317
08014,CO,Broomfield County,"Broomfield County, CO",140100,1,2905.1,658401,863
08015,CO,Chaffee County,"Chaffee County, CO",103000,0,4461.5,721158,451
08017,CO,Cheyenne County,"Cheyenne County, CO",87000,0,808.0,144775,4
08019,CO,Clear Creek County,"Clear Creek County, CO",140100,1,3729.0,631271,191
08021,CO,Conejos County,"Conejos County, CO",71200,0,1891.2,289829,41
08023,CO,Costilla County,"Costilla County, CO",60000,0,1641.2,216093,53
08025,CO,Crowley County,"Crowley County, CO",71300,0,943.9,149439,22
08027,CO,Custer County,"Custer County, CO",86500,0,2782.1,423929,120
08029,CO,Delta County,"Delta County, CO",80300,0,2709.6,389087,386
08031,CO,Denver County,"Denver County, CO",140100,1,3836.6,584587,9265
08033,CO,Dolores County,"Dolores County, CO",102700,0,4784.6,1076899,15
08035,CO,Douglas County,"Douglas County, CO",140100,1,2637.3,706456,6565
08037,CO,Eagle County,"Eagle County, CO",133200,0,8566.4,1504118,1031
08039,CO,Elbert County,"Elbert County, CO",140100,1,2587.1,667103,645
08043,CO,Fremont County,"Fremont County, CO",86600,0,2329.3,343461,624
08045,CO,Garfield County,"Garfield County, CO",105600,0,4136.3,650580,791
08047,CO,Gilpin County,"Gilpin County, CO",140100,1,3293.5,598699,112
08049,CO,Grand County,"Grand County, CO",126700,0,5526.3,777561,957
08051,CO,Gunnison County,"Gunnison County, CO",129500,0,5787.3,774422,365
08053,CO,Hinsdale County,"Hinsdale County, CO",80300,0,3860.5,672981,26
08055,CO,Huerfano County,"Huerfano County, CO",73500,0,2118.4,368598,138
08057,CO,Jackson County,"Jackson County, CO",102000,0,2491.2,351618,17
08059,CO,Jefferson County,"Jefferson County, CO",140100,1,3173.2,640543,8328
08061,CO,Kiowa County,"Kiowa County, CO",77400,0,964.1,130200,8
08063,CO,Kit Carson County,"Kit Carson County, CO",87900,0,1283.3,242820,58
08067,CO,La Plata County,"La Plata County, CO",117500,0,4555.2,738454,770
08065,CO,Lake County,"Lake County, CO",128700,0,4108.8,547432,129
08069,CO,Larimer County,"Larimer County, CO",127600,1,2760.7,549952,5903
08071,CO,Las Animas County,"Las Animas County, CO",76200,0,1738.2,244063,202
08073,CO,Lincoln County,"Lincoln County, CO",101700,0,1527.9,253308,60
08075,CO,Logan County,"Logan County, CO",86200,0,1608.7,235781,210
08077,CO,Mesa County,"Mesa County, CO",94100,1,2922.1,416473,2587
08079,CO,Mineral County,"Mineral County, CO",75600,0,3249.6,510000,27
08081,CO,Moffat County,"Moffat County, CO",101300,0,1987.7,306362,197
08083,CO,Montezuma County,"Montezuma County, CO",83200,0,2607.1,403884,271
08085,CO,Montrose County,"Montrose County, CO",88100,0,2999.6,451704,558
08087,CO,Morgan County,"Morgan County, CO",92500,0,1841.3,350185,348
08089,CO,Otero County,"Otero County, CO",76700,0,1190.4,171877,136
08091,CO,Ouray County,"Ouray County, CO",104500,0,4776.7,853644,104
08093,CO,Park County,"Park County, CO",140100,1,3565.0,565653,629
08095,CO,Phillips County,"Phillips County, CO",92900,0,1424.7,255716,47
08097,CO,Pitkin County,"Pitkin County, CO",138500,0,18387.0,2574165,429
08099,CO,Prowers County,"Prowers County, CO",75900,0,1363.2,205057,76
08101,CO,Pueblo County,"Pueblo County, CO",84000,1,1677.0,308424,2150
08103,CO,Rio Blanco County,"Rio Blanco County, CO",96500,0,1735.5,295852,68
08105,CO,Rio Grande County,"Rio Grande County, CO",91500,0,2334.6,342453,125
08107,CO,Routt County,"Routt County, CO",136000,0,8008.1,1212569,640
08109,CO,Saguache County,"Saguache County, CO",66100,0,2557.1,369749,74
08111,CO,San Juan County,"San Juan County, CO",88900,0,4505.6,549252,21
08113,CO,San Miguel County,"San Miguel County, CO",119500,0,12132.1,1691625,48
08115,CO,Sedgwick County,"Sedgwick County, CO",83400,0,810.4,152115,26
08117,CO,Summit County,"Summit County, CO",139600,0,8042.1,1049661,1529
08121,CO,Washington County,"Washington County, CO",87400,0,1414.8,255152,31
08123,CO,Weld County,"Weld County, CO",113600,1,2359.2,494295,5455
08125,CO,Yuma County,"Yuma County, CO",79800,0,1279.0,244393,14
11001,DC,District of Columbia,"District of Columbia, DC",163900,1,5288.4,680214,6366
10001,DE,Kent County,"Kent County, DE",99400,1,2030.2,344512,2228
10003,DE,New Castle County,"New Castle County, DE",119400,1,2216.2,381451,5563
12001,FL,Alachua County,"Alachua County, FL",106700,1,2102.7,327932,3280
12003,FL,Baker County,"Baker County, FL",91500,1,2123.2,323623,197
12005,FL,Bay County,"Bay County, FL",94100,1,2408.5,359698,4984
12007,FL,Bradford County,"Bradford County, FL",83800,0,2028.3,297492,193
12009,FL,Brevard County,"Brevard County, FL",99900,1,2270.3,357688,11751
12011,FL,Broward County,"Broward County, FL",96200,1,3278.4,454361,17202
12013,FL,Calhoun County,"Calhoun County, FL",68600,0,1416.3,261768,56
12015,FL,Charlotte County,"Charlotte County, FL",94800,1,2056.0,326548,7056
12017,FL,Citrus County,"Citrus County, FL",72500,1,1836.3,280762,3943
12019,FL,Clay County,"Clay County, FL",102500,1,1952.7,346986,3402
12021,FL,Collier County,"Collier County, FL",113600,1,3709.8,622174,9790
12023,FL,Columbia County,"Columbia County, FL",71900,0,1910.8,309307,448
12027,FL,DeSoto County,"DeSoto County, FL",64400,0,2057.9,278454,260
12029,FL,Dixie County,"Dixie County, FL",62400,0,2116.0,267171,126
12031,FL,Duval County,"Duval County, FL",102500,1,1991.6,308213,13881
12033,FL,Escambia County,"Escambia County, FL",100200,1,1896.8,302934,5380
12035,FL,Flagler County,"Flagler County, FL",92800,1,2134.2,366794,3713
12037,FL,Franklin County,"Franklin County, FL",74100,0,3263.3,453488,309
12039,FL,Gadsden County,"Gadsden County, FL",92300,1,1654.1,267212,224
12041,FL,Gilchrist County,"Gilchrist County, FL",106700,1,2153.5,298297,147
12043,FL,Glades County,"Glades County, FL",53300,0,1955.4,268914,72
12045,FL,Gulf County,"Gulf County, FL",85000,0,2666.6,426661,461
12047,FL,Hamilton County,"Hamilton County, FL",56300,0,1648.2,229477,64
12049,FL,Hardee County,"Hardee County, FL",65400,0,2001.0,274882,115
12051,FL,Hendry County,"Hendry County, FL",62400,0,2139.9,301893,368
12053,FL,Hernando County,"Hernando County, FL",98400,1,2005.0,323728,4076
12055,FL,Highlands County,"Highlands County, FL",66400,1,1824.9,267254,1649
12057,FL,Hillsborough County,"Hillsborough County, FL",98400,1,2415.2,398256,18727
12059,FL,Holmes County,"Holmes County, FL",63600,0,1554.4,210050,92
12061,FL,Indian River County,"Indian River County, FL",93200,1,2388.6,382623,3669
12063,FL,Jackson County,"Jackson County, FL",63600,0,1429.4,211622,292
12065,FL,Jefferson County,"Jefferson County, FL",92300,1,2134.6,390960,121
12067,FL,Lafayette County,"Lafayette County, FL",72900,0,1880.1,296492,28
12069,FL,Lake County,"Lake County, FL",98100,1,2184.0,381015,7345
12071,FL,Lee County,"Lee County, FL",92500,1,2338.6,363387,20491
12073,FL,Leon County,"Leon County, FL",92300,1,2122.7,315059,3463
12075,FL,Levy County,"Levy County, FL",67300,1,2081.4,282577,404
12077,FL,Liberty County,"Liberty County, FL",66400,0,1715.5,277690,30
12079,FL,Madison County,"Madison County, FL",68300,0,1608.2,279139,88
12081,FL,Manatee County,"Manatee County, FL",106100,1,2478.5,421172,10625
12083,FL,Marion County,"Marion County, FL",76200,1,1847.0,280077,9500
12085,FL,Martin County,"Martin County, FL",89300,1,2886.5,472747,3266
12086,FL,Miami-Dade County,"Miami-Dade County, FL",87200,1,4124.9,559811,23988
12087,FL,Monroe County,"Monroe County, FL",118000,0,8040.9,989775,1759
12089,FL,Nassau County,"Nassau County, FL",102500,1,2645.3,502831,2041
12091,FL,Okaloosa County,"Okaloosa County, FL",102000,1,2285.1,362946,4346
12093,FL,Okeechobee County,"Okeechobee County, FL",65400,0,2156.9,307267,252
12095,FL,Orange County,"Orange County, FL",98100,1,2590.7,437045,15931
12097,FL,Osceola County,"Osceola County, FL",98100,1,2204.7,394688,7863
12099,FL,Palm Beach County,"Palm Beach County, FL",111800,1,3222.9,510184,24102
12101,FL,Pasco County,"Pasco County, FL",98400,1,2112.9,347517,11338
12103,FL,Pinellas County,"Pinellas County, FL",98400,1,3036.5,399710,17097
12105,FL,Polk County,"Polk County, FL",83300,1,1907.0,313448,13030
12107,FL,Putnam County,"Putnam County, FL",73000,0,1907.9,254452,559
12113,FL,Santa Rosa County,"Santa Rosa County, FL",100200,1,2056.4,358051,4374
12115,FL,Sarasota County,"Sarasota County, FL",106100,1,2654.6,419123,12263
12117,FL,Seminole County,"Seminole County, FL",98100,1,2517.0,411202,5656
12109,FL,St. Johns County,"St. Johns County, FL",102500,1,2569.3,490759,8165
12111,FL,St. Lucie County,"St. Lucie County, FL",89300,1,2362.0,385289,6744
12119,FL,Sumter County,"Sumter County, FL",102700,1,2475.8,344512,2211
12121,FL,Suwannee County,"Suwannee County, FL",69200,0,1967.7,292995,218
12123,FL,Taylor County,"Taylor County, FL",59300,0,1568.3,221492,148
12125,FL,Union County,"Union County, FL",80900,0,2007.6,337789,33
12127,FL,Volusia County,"Volusia County, FL",84100,1,2211.0,342383,10489
12129,FL,Wakulla County,"Wakulla County, FL",92700,1,1953.2,303538,737
12131,FL,Walton County,"Walton County, FL",99500,1,4492.4,703341,3816
12133,FL,Washington County,"Washington County, FL",69800,1,1714.6,239196,298
13001,GA,Appling County,"Appling County, GA",57800,0,1405.8,222488,73
13003,GA,Atkinson County,"Atkinson County, GA",48300,0,1024.9,188333,3
13005,GA,Bacon County,"Bacon County, GA",63900,0,1301.9,209186,21
13007,GA,Baker County,"Baker County, GA",55000,0,404.8,100000,1
13009,GA,Baldwin County,"Baldwin County, GA",79900,0,1602.3,279794,304
13011,GA,Banks County,"Banks County, GA",90700,0,2049.3,387293,216
13013,GA,Barrow County,"Barrow County, GA",114200,1,1959.0,370706,1682
13015,GA,Bartow County,"Bartow County, GA",114200,1,1877.4,340616,1541
13017,GA,Ben Hill County,"Ben Hill County, GA",51500,0,1022.9,158643,121
13019,GA,Berrien County,"Berrien County, GA",69600,0,1462.8,212101,134
13021,GA,Bibb County,"Bibb County, GA",78500,1,1260.0,208412,1885
13023,GA,Bleckley County,"Bleckley County, GA",75600,0,1369.0,210076,98
13025,GA,Brantley County,"Brantley County, GA",89100,1,1634.9,242947,102
13027,GA,Brooks County,"Brooks County, GA",81300,1,1373.1,225605,82
13029,GA,Bryan County,"Bryan County, GA",99600,1,2079.9,415997,1005
13031,GA,Bulloch County,"Bulloch County, GA",79400,0,1889.1,304758,983
13033,GA,Burke County,"Burke County, GA",88300,1,1653.7,285920,87
13035,GA,Butts County,"Butts County, GA",79700,1,1699.3,272306,350
13037,GA,Calhoun County,"Calhoun County, GA",71200,0,821.0,168887,6
13039,GA,Camden County,"Camden County, GA",86600,0,1955.9,322500,1060
13043,GA,Candler County,"Candler County, GA",74800,0,1649.0,264042,74
13045,GA,Carroll County,"Carroll County, GA",114200,1,1756.9,294483,1623
13049,GA,Charlton County,"Charlton County, GA",59600,0,1593.1,246511,76
13051,GA,Chatham County,"Chatham County, GA",99600,1,2191.2,361329,4541
13055,GA,Chattooga County,"Chattooga County, GA",61200,0,1472.5,183619,157
13057,GA,Cherokee County,"Cherokee County, GA",114200,1,2249.3,485543,4165
13061,GA,Clay County,"Clay County, GA",71300,0,1924.3,451750,12
13063,GA,Clayton County,"Clayton County, GA",114200,1,1477.9,248060,2539
13065,GA,Clinch County,"Clinch County, GA",77200,0,1005.3,146731,13
13067,GA,Cobb County,"Cobb County, GA",114200,1,2129.6,432550,9243
13069,GA,Coffee County,"Coffee County, GA",65200,0,1047.1,227950,32
13071,GA,Colquitt County,"Colquitt County, GA",66600,0,1385.1,217468,219
13073,GA,Columbia County,"Columbia County, GA",88300,1,1725.1,349030,2789
13075,GA,Cook County,"Cook County, GA",62600,0,1494.0,237564,134
13077,GA,Coweta County,"Coweta County, GA",114200,1,2018.3,416213,2386
13079,GA,Crawford County,"Crawford County, GA",78500,1,1478.7,257886,44
13081,GA,Crisp County,"Crisp County, GA",65500,0,1240.8,221220,119
13085,GA,Dawson County,"Dawson County, GA",114200,1,2119.6,438363,687
13089,GA,DeKalb County,"DeKalb County, GA",114200,1,2071.9,355438,8604
13087,GA,Decatur County,"Decatur County, GA",68400,0,1486.0,230891,190
13091,GA,Dodge County,"Dodge County, GA",64500,0,1903.0,259125,178
13093,GA,Dooly County,"Dooly County, GA",73100,0,1320.8,261571,62
13095,GA,Dougherty County,"Dougherty County, GA",67700,1,1028.9,166519,185
13097,GA,Douglas County,"Douglas County, GA",114200,1,1655.2,320893,1683
13099,GA,Early County,"Early County, GA",65400,0,1060.5,190789,19
13101,GA,Echols County,"Echols County, GA",81300,1,1231.5,200500,2
13103,GA,Effingham County,"Effingham County, GA",99600,1,1990.5,344521,1100
13105,GA,Elbert County,"Elbert County, GA",72600,0,1450.4,219222,146
13107,GA,Emanuel County,"Emanuel County, GA",62400,0,1280.6,191867,96
13109,GA,Evans County,"Evans County, GA",67300,0,1308.1,228911,54
13111,GA,Fannin County,"Fannin County, GA",70600,0,3110.3,608527,809
13113,GA,Fayette County,"Fayette County, GA",114200,1,2171.4,517475,1511
13115,GA,Floyd County,"Floyd County, GA",80200,1,1705.1,259780,1161
13117,GA,Forsyth County,"Forsyth County, GA",114200,1,2316.7,615799,3388
13119,GA,Franklin County,"Franklin County, GA",72100,0,1815.3,297911,248
13121,GA,Fulton County,"Fulton County, GA",114200,1,2502.4,453214,13658
13123,GA,Gilmer County,"Gilmer County, GA",88300,0,2674.3,454715,861
13125,GA,Glascock County,"Glascock County, GA",83800,0,1550.2,187580,5
13127,GA,Glynn County,"Glynn County, GA",89100,1,2370.6,408090,1475
13129,GA,Gordon County,"Gordon County, GA",82000,0,1855.4,292611,628
13131,GA,Grady County,"Grady County, GA",71200,0,1510.0,231600,128
13133,GA,Greene County,"Greene County, GA",109800,0,3152.9,876604,535
13135,GA,Gwinnett County,"Gwinnett County, GA",114200,1,1945.5,419930,10511
13137,GA,Habersham County,"Habersham County, GA",85000,0,2078.6,335993,584
13139,GA,Hall County,"Hall County, GA",102700,1,2066.2,413495,2864
13141,GA,Hancock County,"Hancock County, GA",57000,0,2440.1,396818,77
13143,GA,Haralson County,"Haralson County, GA",88400,1,1779.2,297036,346
13147,GA,Hart County,"Hart County, GA",80400,0,1901.1,313209,372
13149,GA,Heard County,"Heard County, GA",114200,1,1880.2,294709,107
13151,GA,Henry County,"Henry County, GA",114200,1,1611.3,336106,3455
13153,GA,Houston County,"Houston County, GA",97700,1,1602.4,291412,2843
13155,GA,Irwin County,"Irwin County, GA",77600,0,1105.1,230979,41
13157,GA,Jackson County,"Jackson County, GA",103700,0,1956.3,427664,1857
13159,GA,Jasper County,"Jasper County, GA",114200,1,1952.7,335877,275
13161,GA,Jeff Davis County,"Jeff Davis County, GA",55400,0,1229.3,196408,53
13163,GA,Jefferson County,"Jefferson County, GA",63100,0,1130.5,186288,61
13165,GA,Jenkins County,"Jenkins County, GA",55700,0,965.0,166148,52
13167,GA,Johnson County,"Johnson County, GA",66800,0,953.6,154039,38
13169,GA,Jones County,"Jones County, GA",78500,1,1512.7,286043,251
13171,GA,Lamar County,"Lamar County, GA",88400,0,1839.8,294013,273
13173,GA,Lanier County,"Lanier County, GA",81300,1,1745.5,249895,117
13175,GA,Laurens County,"Laurens County, GA",70100,0,1339.3,230932,384
13177,GA,Lee County,"Lee County, GA",67700,1,1672.2,313120,94
13179,GA,Liberty County,"Liberty County, GA",73700,1,1672.7,264749,1058
13181,GA,Lincoln County,"Lincoln County, GA",68300,1,2091.8,365241,70
13183,GA,Long County,"Long County, GA",75900,1,1631.8,295271,511
13185,GA,Lowndes County,"Lowndes County, GA",81300,1,1635.3,266151,1575
13187,GA,Lumpkin County,"Lumpkin County, GA",94400,1,2306.9,384527,439
13193,GA,Macon County,"Macon County, GA",62100,0,963.9,170894,36
13189,GA,McDuffie County,"McDuffie County, GA",88300,1,1587.6,243165,183
13191,GA,McIntosh County,"McIntosh County, GA",89100,1,2247.6,354252,187
13199,GA,Meriwether County,"Meriwether County, GA",72400,1,1738.7,281870,270
13201,GA,Miller County,"Miller County, GA",81200,0,1080.4,183181,16
13205,GA,Mitchell County,"Mitchell County, GA",69500,0,1030.3,169455,69
13207,GA,Monroe County,"Monroe County, GA",110300,1,1809.7,384393,337
13209,GA,Montgomery County,"Montgomery County, GA",67500,0,1366.0,260235,34
13211,GA,Morgan County,"Morgan County, GA",104000,1,2282.0,489039,274
13213,GA,Murray County,"Murray County, GA",81400,1,1796.9,260137,361
13217,GA,Newton County,"Newton County, GA",114200,1,1634.0,310030,1526
13223,GA,Paulding County,"Paulding County, GA",114200,1,1858.0,357982,2753
13225,GA,Peach County,"Peach County, GA",94400,1,1483.4,267587,362
13227,GA,Pickens County,"Pickens County, GA",114200,1,2219.4,400491,605
13229,GA,Pierce County,"Pierce County, GA",79100,0,1582.0,260796,186
13231,GA,Pike County,"Pike County, GA",114200,1,2001.7,431680,238
13233,GA,Polk County,"Polk County, GA",73900,0,1761.8,254163,434
13235,GA,Pulaski County,"Pulaski County, GA",67800,0,1472.5,253892,98
13237,GA,Putnam County,"Putnam County, GA",91600,0,2419.2,447511,487
13239,GA,Quitman County,"Quitman County, GA",66800,0,1462.9,199294,17
13241,GA,Rabun County,"Rabun County, GA",83600,0,2591.1,411291,319
13243,GA,Randolph County,"Randolph County, GA",42500,0,1215.0,150821,14
13245,GA,Richmond County,"Richmond County, GA",88300,1,1478.7,217546,2112
13247,GA,Rockdale County,"Rockdale County, GA",114200,1,1586.6,309602,1291
13249,GA,Schley County,"Schley County, GA",83000,0,1626.2,298556,9
13251,GA,Screven County,"Screven County, GA",75000,0,1426.3,245654,82
13253,GA,Seminole County,"Seminole County, GA",74100,0,1265.4,182017,47
13255,GA,Spalding County,"Spalding County, GA",114200,1,1646.3,266190,899
13257,GA,Stephens County,"Stephens County, GA",77300,0,1763.8,261139,381
13261,GA,Sumter County,"Sumter County, GA",57500,0,1488.3,261984,58
13265,GA,Taliaferro County,"Taliaferro County, GA",52900,0,1859.1,224609,9
13267,GA,Tattnall County,"Tattnall County, GA",68300,0,1345.6,216400,115
13269,GA,Taylor County,"Taylor County, GA",59600,0,1262.1,206078,24
13271,GA,Telfair County,"Telfair County, GA",64800,0,831.1,134673,35
13273,GA,Terrell County,"Terrell County, GA",67700,1,872.0,111961,9
13275,GA,Thomas County,"Thomas County, GA",89500,0,1815.9,270524,451
13277,GA,Tift County,"Tift County, GA",72800,0,1543.8,262257,307
13279,GA,Toombs County,"Toombs County, GA",73800,0,1248.5,218872,133
13281,GA,Towns County,"Towns County, GA",80000,0,2334.5,386833,281
13283,GA,Treutlen County,"Treutlen County, GA",74000,0,1046.3,158802,10
13285,GA,Troup County,"Troup County, GA",85100,0,1615.0,272872,888
13287,GA,Turner County,"Turner County, GA",61400,0,971.2,185623,44
13289,GA,Twiggs County,"Twiggs County, GA",78500,1,1071.0,176706,39
13291,GA,Union County,"Union County, GA",90700,0,2407.7,419434,487
13293,GA,Upson County,"Upson County, GA",72100,0,1630.7,243561,221
13297,GA,Walton County,"Walton County, GA",114200,1,2022.1,402834,1455
13299,GA,Ware County,"Ware County, GA",59800,0,1187.8,188447,253
13301,GA,Warren County,"Warren County, GA",61200,0,1012.2,174522,18
13303,GA,Washington County,"Washington County, GA",63700,0,1212.7,200152,81
13305,GA,Wayne County,"Wayne County, GA",67100,0,1573.2,230937,218
13307,GA,Webster County,"Webster County, GA",76200,0,1232.8,167450,2
13309,GA,Wheeler County,"Wheeler County, GA",66000,0,1149.5,179772,18
13311,GA,White County,"White County, GA",92700,0,2246.5,335928,504
13313,GA,Whitfield County,"Whitfield County, GA",83100,1,1802.0,282045,826
13315,GA,Wilcox County,"Wilcox County, GA",67300,0,831.4,111348,27
13317,GA,Wilkes County,"Wilkes County, GA",73500,0,1255.9,218349,65
13319,GA,Wilkinson County,"Wilkinson County, GA",67500,0,1105.5,190718,42
13321,GA,Worth County,"Worth County, GA",67700,1,1320.5,217775,69
15001,HI,Hawaii County,"Hawaii County, HI",98800,0,4855.1,569651,2242
15003,HI,Honolulu County,"Honolulu County, HI",129300,1,7498.6,737929,8146
15007,HI,Kauai County,"Kauai County, HI",132900,0,8035.0,1043836,493
15009,HI,Maui County,"Maui County, HI",110900,1,8671.6,1022998,1384
19001,IA,Adair County,"Adair County, IA",103500,0,1275.7,186286,42
19003,IA,Adams County,"Adams County, IA",93900,0,849.6,147000,16
19005,IA,Allamakee County,"Allamakee County, IA",88000,0,1571.3,217879,85
19007,IA,Appanoose County,"Appanoose County, IA",68200,0,983.1,150704,147
19009,IA,Audubon County,"Audubon County, IA",85400,0,1075.0,146222,54
19011,IA,Benton County,"Benton County, IA",113300,1,1328.2,217958,312
19013,IA,Black Hawk County,"Black Hawk County, IA",90400,1,1420.3,211655,1635
19015,IA,Boone County,"Boone County, IA",108800,1,1722.1,202535,312
19017,IA,Bremer County,"Bremer County, IA",107000,1,1379.2,234882,257
19019,IA,Buchanan County,"Buchanan County, IA",99400,0,1295.0,203810,195
19021,IA,Buena Vista County,"Buena Vista County, IA",98400,0,1212.8,180727,176
19023,IA,Butler County,"Butler County, IA",91600,0,1164.1,166471,119
19025,IA,Calhoun County,"Calhoun County, IA",87300,0,1081.2,187538,13
19027,IA,Carroll County,"Carroll County, IA",98800,0,1404.6,199301,186
19029,IA,Cass County,"Cass County, IA",93600,0,1082.8,162746,121
19031,IA,Cedar County,"Cedar County, IA",104400,0,1412.2,229200,227
19033,IA,Cerro Gordo County,"Cerro Gordo County, IA",94300,0,1245.8,199198,583
19035,IA,Cherokee County,"Cherokee County, IA",98200,0,959.2,141919,118
19037,IA,Chickasaw County,"Chickasaw County, IA",94200,0,1069.4,154848,89
19039,IA,Clarke County,"Clarke County, IA",85500,0,1502.6,189651,74
19041,IA,Clay County,"Clay County, IA",99600,0,1297.4,180081,197
19043,IA,Clayton County,"Clayton County, IA",83800,0,1056.6,178324,144
19045,IA,Clinton County,"Clinton County, IA",93100,0,1151.1,154685,545
19047,IA,Crawford County,"Crawford County, IA",88900,0,991.4,166925,87
19049,IA,Dallas County,"Dallas County, IA",114500,1,2535.6,374021,2359
19051,IA,Davis County,"Davis County, IA",99700,0,1097.6,173034,59
19053,IA,Decatur County,"Decatur County, IA",74100,0,1159.7,144804,40
19055,IA,Delaware County,"Delaware County, IA",96900,0,1350.7,237259,186
19057,IA,Des Moines County,"Des Moines County, IA",85000,0,1101.9,142846,508
19059,IA,Dickinson County,"Dickinson County, IA",110500,0,2765.1,437887,459
19061,IA,Dubuque County,"Dubuque County, IA",102700,1,1520.7,262020,1051
19063,IA,Emmet County,"Emmet County, IA",85300,0,1034.2,149555,110
19065,IA,Fayette County,"Fayette County, IA",80100,0,1027.1,141763,188
19067,IA,Floyd County,"Floyd County, IA",98100,0,881.4,132454,130
19069,IA,Franklin County,"Franklin County, IA",81500,0,1007.0,155044,73
19071,IA,Fremont County,"Fremont County, IA",96000,0,1136.2,196980,40
19073,IA,Greene County,"Greene County, IA",89500,0,1214.0,162658,73
19075,IA,Grundy County,"Grundy County, IA",90400,1,1159.3,177496,128
19077,IA,Guthrie County,"Guthrie County, IA",114500,1,2120.1,278654,163
19079,IA,Hamilton County,"Hamilton County, IA",95700,0,1170.8,161354,154
19081,IA,Hancock County,"Hancock County, IA",91200,0,1137.2,163865,85
19083,IA,Hardin County,"Hardin County, IA",90500,0,941.6,137609,198
19085,IA,Harrison County,"Harrison County, IA",113700,1,1359.6,220238,160
19087,IA,Henry County,"Henry County, IA",86000,0,1273.1,190875,196
19089,IA,Howard County,"Howard County, IA",87700,0,1039.5,173028,58
19091,IA,Humboldt County,"Humboldt County, IA",87400,0,1123.6,153525,79
19093,IA,Ida County,"Ida County, IA",90100,0,825.2,120192,49
19095,IA,Iowa County,"Iowa County, IA",100100,0,1301.8,217595,164
19097,IA,Jackson County,"Jackson County, IA",95100,0,1173.6,181580,156
19099,IA,Jasper County,"Jasper County, IA",95300,1,1830.1,215455,466
19101,IA,Jefferson County,"Jefferson County, IA",84900,0,1251.0,179777,157
19103,IA,Johnson County,"Johnson County, IA",118200,1,1859.2,337333,2338
19105,IA,Jones County,"Jones County, IA",101300,1,1256.3,199963,174
19107,IA,Keokuk County,"Keokuk County, IA",82700,0,957.9,135396,72
19109,IA,Kossuth County,"Kossuth County, IA",93200,0,1084.6,151425,153
19111,IA,Lee County,"Lee County, IA",84200,0,847.9,117823,368
19113,IA,Linn County,"Linn County, IA",101600,1,1479.3,231520,3453
19115,IA,Louisa County,"Louisa County, IA",96100,0,1246.9,176727,88
19117,IA,Lucas County,"Lucas County, IA",87700,0,1159.2,143845,62
19119,IA,Lyon County,"Lyon County, IA",95200,0,1419.3,234362,58
19121,IA,Madison County,"Madison County, IA",114500,1,1974.7,252758,136
19123,IA,Mahaska County,"Mahaska County, IA",90100,0,1419.8,199221,199
19125,IA,Marion County,"Marion County, IA",105500,0,2152.3,260353,384
19127,IA,Marshall County,"Marshall County, IA",94800,0,1289.4,163934,429
19129,IA,Mills County,"Mills County, IA",113700,1,1699.6,289602,123
19131,IA,Mitchell County,"Mitchell County, IA",95400,0,1074.7,178758,99
19133,IA,Monona County,"Monona County, IA",87400,0,1203.5,169635,83
19135,IA,Monroe County,"Monroe County, IA",90800,0,1061.9,141992,62
19137,IA,Montgomery County,"Montgomery County, IA",85900,0,919.9,150917,78
19139,IA,Muscatine County,"Muscatine County, IA",95300,0,1266.0,202186,424
19141,IA,O'Brien County,"O'Brien County, IA",101000,0,1129.8,180145,141
19143,IA,Osceola County,"Osceola County, IA",88100,0,1224.3,189802,43
19145,IA,Page County,"Page County, IA",82100,0,1117.1,143340,100
19147,IA,Palo Alto County,"Palo Alto County, IA",102000,0,993.3,134750,96
19149,IA,Plymouth County,"Plymouth County, IA",101700,0,1441.4,256938,219
19151,IA,Pocahontas County,"Pocahontas County, IA",87800,0,772.5,123576,58
19153,IA,Polk County,"Polk County, IA",114500,1,2247.6,288563,7469
19155,IA,Pottawattamie County,"Pottawattamie County, IA",113700,1,1665.0,237801,1136
19157,IA,Poweshiek County,"Poweshiek County, IA",98900,0,1579.5,222462,238
19159,IA,Ringgold County,"Ringgold County, IA",94700,0,1451.7,164053,38
19161,IA,Sac County,"Sac County, IA",94300,0,1079.8,185114,35
19163,IA,Scott County,"Scott County, IA",98900,1,1639.7,244127,2499
19165,IA,Shelby County,"Shelby County, IA",97700,0,1156.8,199893,97
19167,IA,Sioux County,"Sioux County, IA",109600,0,1525.2,283351,240
19169,IA,Story County,"Story County, IA",123900,1,2167.4,303146,950
19171,IA,Tama County,"Tama County, IA",89200,0,1030.8,143447,132
19173,IA,Taylor County,"Taylor County, IA",85700,0,781.2,118750,26
19175,IA,Union County,"Union County, IA",86400,0,1027.0,125214,129
19177,IA,Van Buren County,"Van Buren County, IA",81200,0,1095.2,156564,33
19179,IA,Wapello County,"Wapello County, IA",76300,0,1128.3,133337,298
19181,IA,Warren County,"Warren County, IA",114500,1,2369.5,302892,980
19183,IA,Washington County,"Washington County, IA",94800,1,1358.9,218945,262
19185,IA,Wayne County,"Wayne County, IA",83700,0,794.7,117061,33
19187,IA,Webster County,"Webster County, IA",96300,0,1269.5,169214,35
19189,IA,Winnebago County,"Winnebago County, IA",90700,0,955.4,144188,93
19191,IA,Winneshiek County,"Winneshiek County, IA",104900,0,1657.7,285264,193
19193,IA,Woodbury County,"Woodbury County, IA",90100,1,1454.1,221656,1035
19195,IA,Worth County,"Worth County, IA",103500,0,965.8,151757,74
19197,IA,Wright County,"Wright County, IA",82500,0,942.7,141753,94
16001,ID,Ada County,"Ada County, ID",108800,1,3058.0,534708,10226
16003,ID,Adams County,"Adams County, ID",76400,0,3517.4,536699,71
16005,ID,Bannock County,"Bannock County, ID",98100,1,1841.3,349828,1027
16007,ID,Bear Lake County,"Bear Lake County, ID",93600,0,2191.6,478388,69
16009,ID,Benewah County,"Benewah County, ID",71600,0,2645.4,376288,92
16011,ID,Bingham County,"Bingham County, ID",94400,0,1867.7,379648,437
16013,ID,Blaine County,"Blaine County, ID",100400,0,7825.3,1155577,471
16015,ID,Boise County,"Boise County, ID",108800,1,3270.2,537573,224
16017,ID,Bonner County,"Bonner County, ID",84100,0,3860.3,606956,904
16019,ID,Bonneville County,"Bonneville County, ID",103000,1,1803.5,403702,1657
16021,ID,Boundary County,"Boundary County, ID",79300,0,2869.1,515818,146
16023,ID,Butte County,"Butte County, ID",66000,1,1811.6,274434,32
16025,ID,Camas County,"Camas County, ID",84400,0,2177.0,291519,16
16027,ID,Canyon County,"Canyon County, ID",108800,1,2637.0,428494,5029
16029,ID,Caribou County,"Caribou County, ID",84500,0,1918.4,320242,66
16031,ID,Cassia County,"Cassia County, ID",82900,0,2187.6,334868,186
16033,ID,Clark County,"Clark County, ID",67000,0,1975.9,315000,1
16035,ID,Clearwater County,"Clearwater County, ID",84300,0,2262.5,359403,93
16037,ID,Custer County,"Custer County, ID",78800,0,2851.5,439950,50
16039,ID,Elmore County,"Elmore County, ID",77500,0,2325.4,366170,481
16041,ID,Franklin County,"Franklin County, ID",103400,1,2217.7,423052,125
16043,ID,Fremont County,"Fremont County, ID",86300,0,3537.5,577372,181
16045,ID,Gem County,"Gem County, ID",81300,1,2964.3,466345,335
16047,ID,Gooding County,"Gooding County, ID",81800,0,2220.6,331379,103
16049,ID,Idaho County,"Idaho County, ID",82200,0,2396.1,356205,183
16051,ID,Jefferson County,"Jefferson County, ID",103000,1,2002.7,432366,367
16053,ID,Jerome County,"Jerome County, ID",80100,1,2490.4,343625,219
16055,ID,Kootenai County,"Kootenai County, ID",97500,1,3390.7,569504,3566
16057,ID,Latah County,"Latah County, ID",95600,0,2688.6,454420,312
16059,ID,Lemhi County,"Lemhi County, ID",79100,0,2759.0,456939,74
16061,ID,Lewis County,"Lewis County, ID",68600,0,1866.2,250979,34
16063,ID,Lincoln County,"Lincoln County, ID",79300,0,2090.7,308427,45
16065,ID,Madison County,"Madison County, ID",68500,0,2130.1,398289,285
16067,ID,Minidoka County,"Minidoka County, ID",83500,0,2319.6,335324,210
16069,ID,Nez Perce County,"Nez Perce County, ID",87100,1,2257.9,389905,463
16071,ID,Oneida County,"Oneida County, ID",89500,0,1952.1,352602,49
16073,ID,Owyhee County,"Owyhee County, ID",108800,1,2936.1,398432,94
16075,ID,Payette County,"Payette County, ID",81600,0,2611.6,381615,379
16077,ID,Power County,"Power County, ID",75800,0,1758.2,378267,48
16079,ID,Shoshone County,"Shoshone County, ID",72200,0,2170.0,292577,241
16081,ID,Teton County,"Teton County, ID",116100,0,5315.6,902075,274
16083,ID,Twin Falls County,"Twin Falls County, ID",84800,1,2536.2,376913,1098
16085,ID,Valley County,"Valley County, ID",104200,0,4982.2,755682,368
16087,ID,Washington County,"Washington County, ID",70200,0,2523.5,359250,124
17001,IL,Adams County,"Adams County, IL",93100,0,1189.0,173431,798
17003,IL,Alexander County,"Alexander County, IL",98100,1,646.0,110683,24
17005,IL,Bond County,"Bond County, IL",93600,1,1180.1,187231,127
17007,IL,Boone County,"Boone County, IL",86400,1,1548.7,276650,579
17009,IL,Brown County,"Brown County, IL",92500,0,1073.4,140663,39
17011,IL,Bureau County,"Bureau County, IL",89100,0,1158.9,153331,251
17013,IL,Calhoun County,"Calhoun County, IL",111400,1,1048.5,146974,25
17015,IL,Carroll County,"Carroll County, IL",84000,0,980.9,165841,227
17017,IL,Cass County,"Cass County, IL",82600,0,897.3,136545,42
17019,IL,Champaign County,"Champaign County, IL",97800,1,1670.1,242000,2183
17021,IL,Christian County,"Christian County, IL",86600,0,1029.2,137544,350
17023,IL,Clark County,"Clark County, IL",91800,0,1131.5,176234,122
17025,IL,Clay County,"Clay County, IL",80400,0,942.0,122333,82
17027,IL,Clinton County,"Clinton County, IL",111400,1,1244.2,208839,249
17029,IL,Coles County,"Coles County, IL",79600,0,1067.1,147790,466
17031,IL,Cook County,"Cook County, IL",119900,1,2596.7,364331,51703
17033,IL,Crawford County,"Crawford County, IL",92900,0,883.6,117075,48
17035,IL,Cumberland County,"Cumberland County, IL",101600,0,1131.0,143060,58
17039,IL,De Witt County,"De Witt County, IL",97100,0,1076.3,148632,187
17037,IL,DeKalb County,"DeKalb County, IL",101300,1,1882.5,296311,1206
17041,IL,Douglas County,"Douglas County, IL",94400,0,1163.7,164469,156
17043,IL,DuPage County,"DuPage County, IL",119900,1,2635.8,424875,10079
17045,IL,Edgar County,"Edgar County, IL",80300,0,826.5,111197,133
17047,IL,Edwards County,"Edwards County, IL",79800,0,726.4,100080,5
17049,IL,Effingham County,"Effingham County, IL",101200,0,1299.3,221469,296
17051,IL,Fayette County,"Fayette County, IL",78500,0,884.4,111979,106
17053,IL,Ford County,"Ford County, IL",92000,1,1210.5,148504,162
17055,IL,Franklin County,"Franklin County, IL",72900,0,810.3,105885,337
17057,IL,Fulton County,"Fulton County, IL",80800,0,831.1,111854,329
17059,IL,Gallatin County,"Gallatin County, IL",78200,0,789.7,123471,17
17061,IL,Greene County,"Greene County, IL",80500,0,795.4,113643,54
17063,IL,Grundy County,"Grundy County, IL",118800,1,1915.4,323738,632
17065,IL,Hamilton County,"Hamilton County, IL",81400,0,760.1,112524,21
17067,IL,Hancock County,"Hancock County, IL",91900,0,796.7,117375,168
17069,IL,Hardin County,"Hardin County, IL",73500,0,675.1,69942,24
17071,IL,Henderson County,"Henderson County, IL",82700,0,998.8,125750,44
17073,IL,Henry County,"Henry County, IL",98900,1,1158.3,164508,478
17075,IL,Iroquois County,"Iroquois County, IL",88600,0,1131.6,154215,268
17077,IL,Jackson County,"Jackson County, IL",83600,0,842.2,109318,505
17079,IL,Jasper County,"Jasper County, IL",99600,0,811.6,116014,37
17081,IL,Jefferson County,"Jefferson County, IL",80500,0,1086.9,155639,234
17083,IL,Jersey County,"Jersey County, IL",111400,1,1332.7,193272,219
17085,IL,Jo Daviess County,"Jo Daviess County, IL",101100,0,1596.4,266731,391
17087,IL,Johnson County,"Johnson County, IL",83400,0,1283.1,191269,103
17089,IL,Kane County,"Kane County, IL",119900,1,2251.1,387842,6164
17091,IL,Kankakee County,"Kankakee County, IL",91200,1,1640.8,228069,1045
17093,IL,Kendall County,"Kendall County, IL",134200,1,2121.9,389902,2166
17095,IL,Knox County,"Knox County, IL",85500,0,967.7,128129,533
17099,IL,La Salle County,"LaSalle County, IL",94200,0,1405.3,185147,1106
17097,IL,Lake County,"Lake County, IL",119900,1,2315.3,399533,8123
17101,IL,Lawrence County,"Lawrence County, IL",80700,0,999.3,134193,31
17103,IL,Lee County,"Lee County, IL",92000,0,1313.8,184325,319
17105,IL,Livingston County,"Livingston County, IL",96800,0,1177.5,166189,340
17107,IL,Logan County,"Logan County, IL",89000,0,1029.4,135418,359
17115,IL,Macon County,"Macon County, IL",91600,1,936.9,140466,1364
17117,IL,Macoupin County,"Macoupin County, IL",91100,1,1071.6,150051,369
17119,IL,Madison County,"Madison County, IL",111400,1,1378.1,206328,3345
17121,IL,Marion County,"Marion County, IL",84100,0,985.7,132170,328
17123,IL,Marshall County,"Marshall County, IL",97600,1,1009.7,160106,120
17125,IL,Mason County,"Mason County, IL",86900,0,734.2,108961,121
17127,IL,Massac County,"Massac County, IL",83000,1,897.5,109700,92
17109,IL,McDonough County,"McDonough County, IL",81000,0,720.2,103271,277
17111,IL,McHenry County,"McHenry County, IL",119900,1,2069.1,357215,4306
17113,IL,McLean County,"McLean County, IL",118800,1,1261.4,254886,2013
17129,IL,Menard County,"Menard County, IL",114700,1,1186.6,202604,157
17131,IL,Mercer County,"Mercer County, IL",98900,1,1094.7,157494,189
17133,IL,Monroe County,"Monroe County, IL",111400,1,1734.3,320143,389
17135,IL,Montgomery County,"Montgomery County, IL",93500,0,1000.6,132924,267
17137,IL,Morgan County,"Morgan County, IL",96400,0,993.1,150518,361
17139,IL,Moultrie County,"Moultrie County, IL",99000,0,1186.5,155520,123
17141,IL,Ogle County,"Ogle County, IL",101700,0,1390.8,217387,551
17143,IL,Peoria County,"Peoria County, IL",97600,1,1089.6,162278,2594
17145,IL,Perry County,"Perry County, IL",81100,0,892.7,129833,125
17147,IL,Piatt County,"Piatt County, IL",97800,1,1492.0,213766,239
17149,IL,Pike County,"Pike County, IL",86600,0,789.8,117455,38
17151,IL,Pope County,"Pope County, IL",95500,0,1044.9,177923,13
17153,IL,Pulaski County,"Pulaski County, IL",65800,0,857.0,102147,15
17155,IL,Putnam County,"Putnam County, IL",100800,0,1410.4,197290,50
17157,IL,Randolph County,"Randolph County, IL",96500,0,1009.9,155061,211
17159,IL,Richland County,"Richland County, IL",84900,0,882.9,125450,10
17161,IL,Rock Island County,"Rock Island County, IL",98900,1,1229.2,162014,1620
17165,IL,Saline County,"Saline County, IL",78300,0,777.6,102468,167
17167,IL,Sangamon County,"Sangamon County, IL",114700,1,1234.3,199200,2465
17169,IL,Schuyler County,"Schuyler County, IL",92300,0,864.5,141139,18
17171,IL,Scott County,"Scott County, IL",99600,0,825.4,124665,23
17173,IL,Shelby County,"Shelby County, IL",90800,0,1052.8,142960,153
17163,IL,St. Clair County,"St. Clair County, IL",111400,1,1323.1,216272,3165
17175,IL,Stark County,"Stark County, IL",97600,1,932.1,126347,38
17177,IL,Stephenson County,"Stephenson County, IL",85800,0,825.4,125006,702
17179,IL,Tazewell County,"Tazewell County, IL",97600,1,1211.2,181591,1743
17181,IL,Union County,"Union County, IL",90300,0,1077.7,148201,125
17183,IL,Vermilion County,"Vermilion County, IL",81500,0,873.3,120981,629
17185,IL,Wabash County,"Wabash County, IL",90500,0,967.9,147439,41
17187,IL,Warren County,"Warren County, IL",89300,0,847.6,136169,74
17189,IL,Washington County,"Washington County, IL",102100,0,1050.7,138654,76
17191,IL,Wayne County,"Wayne County, IL",82600,0,963.8,143307,15
17193,IL,White County,"White County, IL",75400,0,770.0,133671,21
17195,IL,Whiteside County,"Whiteside County, IL",92200,0,1093.5,142172,625
17197,IL,Will County,"Will County, IL",119900,1,2130.0,363066,8100
17199,IL,Williamson County,"Williamson County, IL",83700,0,1264.4,193324,769
17201,IL,Winnebago County,"Winnebago County, IL",86400,1,1332.5,204101,3476
17203,IL,Woodford County,"Woodford County, IL",97600,1,1258.7,244090,408
18001,IN,Adams County,"Adams County, IN",84900,0,1389.1,206828,255
18003,IN,Allen County,"Allen County, IN",90000,1,1595.5,264774,5471
18005,IN,Bartholomew County,"Bartholomew County, IN",104700,1,1561.3,268172,1087
18007,IN,Benton County,"Benton County, IN",92700,1,1400.8,204316,117
18009,IN,Blackford County,"Blackford County, IN",68900,0,978.1,128620,137
18011,IN,Boone County,"Boone County, IN",110700,1,1896.1,397885,1389
18013,IN,Brown County,"Brown County, IN",110700,1,2328.4,404099,229
18015,IN,Carroll County,"Carroll County, IN",87000,1,1616.1,251778,199
18017,IN,Cass County,"Cass County, IN",75300,0,1142.1,160626,392
18019,IN,Clark County,"Clark County, IN",96600,1,1805.9,269963,1941
18021,IN,Clay County,"Clay County, IN",80200,1,1377.9,192238,206
18023,IN,Clinton County,"Clinton County, IN",91000,0,1613.0,219993,321
18025,IN,Crawford County,"Crawford County, IN",70200,0,1418.0,196282,73
18027,IN,Daviess County,"Daviess County, IN",95500,0,1359.7,211209,205
18033,IN,DeKalb County,"DeKalb County, IN",90600,0,1622.4,246715,546
18029,IN,Dearborn County,"Dearborn County, IN",111800,1,1728.6,306678,488
18031,IN,Decatur County,"Decatur County, IN",93700,0,1588.1,231692,288
18035,IN,Delaware County,"Delaware County, IN",81200,1,1219.0,172591,1277
18037,IN,Dubois County,"Dubois County, IN",95200,0,1466.2,253330,314
18039,IN,Elkhart County,"Elkhart County, IN",89600,1,1531.5,264682,1868
18041,IN,Fayette County,"Fayette County, IN",74500,0,1107.6,138704,273
18043,IN,Floyd County,"Floyd County, IN",96600,1,1745.6,281367,1120
18045,IN,Fountain County,"Fountain County, IN",82000,0,1312.7,195042,184
18047,IN,Franklin County,"Franklin County, IN",98100,1,1654.8,278763,152
18049,IN,Fulton County,"Fulton County, IN",77900,0,1330.1,195118,187
18051,IN,Gibson County,"Gibson County, IN",92900,0,1450.3,192565,331
18053,IN,Grant County,"Grant County, IN",64100,0,1108.2,159602,625
18055,IN,Greene County,"Greene County, IN",77100,0,1372.9,195831,259
18057,IN,Hamilton County,"Hamilton County, IN",110700,1,1920.3,451956,6663
18059,IN,Hancock County,"Hancock County, IN",110700,1,1665.3,345862,1685
18061,IN,Harrison County,"Harrison County, IN",96600,1,1677.8,262024,415
18063,IN,Hendricks County,"Hendricks County, IN",110700,1,1725.5,350372,2922
18065,IN,Henry County,"Henry County, IN",81400,0,1228.8,179690,539
18067,IN,Howard County,"Howard County, IN",86600,1,1334.8,187585,1247
18069,IN,Huntington County,"Huntington County, IN",86200,0,1368.6,196165,425
18071,IN,Jackson County,"Jackson County, IN",90300,0,1464.4,225514,427
18073,IN,Jasper County,"Jasper County, IN",102700,1,1756.7,273969,382
18075,IN,Jay County,"Jay County, IN",74000,0,945.2,135455,141
18077,IN,Jefferson County,"Jefferson County, IN",79900,0,1685.3,253434,325
18079,IN,Jennings County,"Jennings County, IN",83300,0,1594.9,215202,215
18081,IN,Johnson County,"Johnson County, IN",110700,1,1745.0,326955,2545
18083,IN,Knox County,"Knox County, IN",85400,0,1143.0,158321,313
18085,IN,Kosciusko County,"Kosciusko County, IN",97800,0,1745.2,285797,913
18087,IN,LaGrange County,"LaGrange County, IN",99400,0,1798.5,260864,206
18091,IN,LaPorte County,"LaPorte County, IN",83400,1,1569.3,242792,1176
18089,IN,Lake County,"Lake County, IN",95600,1,1714.1,274781,6273
18093,IN,Lawrence County,"Lawrence County, IN",90000,0,1550.9,221970,541
18095,IN,Madison County,"Madison County, IN",84400,1,1333.3,198300,1765
18097,IN,Marion County,"Marion County, IN",110700,1,1508.5,247640,12246
18099,IN,Marshall County,"Marshall County, IN",92000,0,1589.2,260150,423
18101,IN,Martin County,"Martin County, IN",101200,0,1325.3,195892,60
18103,IN,Miami County,"Miami County, IN",79800,0,1154.9,167345,293
18105,IN,Monroe County,"Monroe County, IN",110600,1,1996.7,328191,1529
18107,IN,Montgomery County,"Montgomery County, IN",91200,0,1344.1,218476,540
18109,IN,Morgan County,"Morgan County, IN",110700,1,1695.4,302851,980
18111,IN,Newton County,"Newton County, IN",95600,1,1304.1,220176,169
18113,IN,Noble County,"Noble County, IN",90000,0,1656.0,223345,458
18115,IN,Ohio County,"Ohio County, IN",111800,1,1475.0,224777,39
18117,IN,Orange County,"Orange County, IN",89800,0,1402.4,184311,164
18119,IN,Owen County,"Owen County, IN",80200,1,1748.8,263004,171
18121,IN,Parke County,"Parke County, IN",78100,0,1303.8,211557,99
18123,IN,Perry County,"Perry County, IN",90500,0,1237.2,176798,51
18125,IN,Pike County,"Pike County, IN",93600,0,1305.7,188292,93
18127,IN,Porter County,"Porter County, IN",95600,1,1858.8,339441,2379
18129,IN,Posey County,"Posey County, IN",93900,1,1382.4,219426,238
18131,IN,Pulaski County,"Pulaski County, IN",81800,0,1249.4,202459,121
18133,IN,Putnam County,"Putnam County, IN",94000,0,1693.1,256692,451
18135,IN,Randolph County,"Randolph County, IN",79000,0,1119.1,157909,212
18137,IN,Ripley County,"Ripley County, IN",96500,0,1591.4,248604,220
18139,IN,Rush County,"Rush County, IN",85900,0,1202.8,209940,151
18143,IN,Scott County,"Scott County, IN",79600,0,1521.7,206657,311
18145,IN,Shelby County,"Shelby County, IN",110700,1,1501.0,251823,554
18147,IN,Spencer County,"Spencer County, IN",102900,0,1382.8,221364,188
18141,IN,St. Joseph County,"St. Joseph County, IN",88000,1,1526.4,232678,3392
18149,IN,Starke County,"Starke County, IN",81000,0,1558.6,216302,259
18151,IN,Steuben County,"Steuben County, IN",97700,0,1871.9,299891,452
18153,IN,Sullivan County,"Sullivan County, IN",76100,1,1116.3,161183,119
18155,IN,Switzerland County,"Switzerland County, IN",84900,0,1619.8,239109,92
18157,IN,Tippecanoe County,"Tippecanoe County, IN",92700,1,1865.1,300886,1941
18159,IN,Tipton County,"Tipton County, IN",95700,1,1450.4,236199,161
18161,IN,Union County,"Union County, IN",104800,0,1319.7,206183,78
18163,IN,Vanderburgh County,"Vanderburgh County, IN",93900,1,1490.8,210628,2474
18165,IN,Vermillion County,"Vermillion County, IN",80200,1,1066.5,137966,119
18167,IN,Vigo County,"Vigo County, IN",80200,1,1175.8,178963,725
18169,IN,Wabash County,"Wabash County, IN",89200,0,1262.6,190844,360
18171,IN,Warren County,"Warren County, IN",96600,1,1356.0,231735,63
18173,IN,Warrick County,"Warrick County, IN",93900,1,1730.7,313121,829
18175,IN,Washington County,"Washington County, IN",84300,1,1399.1,197357,241
18177,IN,Wayne County,"Wayne County, IN",79000,0,1213.5,151944,779
18179,IN,Wells County,"Wells County, IN",91600,1,1543.3,232320,316
18181,IN,White County,"White County, IN",86800,0,1767.6,254416,257
18183,IN,Whitley County,"Whitley County, IN",90000,1,1715.0,258490,386
20001,KS,Allen County,"Allen County, KS",79600,0,882.8,123306,85
20003,KS,Anderson County,"Anderson County, KS",85100,0,1347.6,184625,71
20005,KS,Atchison County,"Atchison County, KS",91400,0,1161.3,162784,128
20007,KS,Barber County,"Barber County, KS",82200,0,517.3,84283,12
20009,KS,Barton County,"Barton County, KS",80200,0,1198.6,173205,231
20011,KS,Bourbon County,"Bourbon County, KS",91000,0,897.8,114188,129
20013,KS,Brown County,"Brown County, KS",83000,0,1045.0,165392,71
20015,KS,Butler County,"Butler County, KS",93800,1,1363.1,256670,1002
20017,KS,Chase County,"Chase County, KS",79300,0,1452.2,209333,24
20019,KS,Chautauqua County,"Chautauqua County, KS",65500,0,366.2,59333,6
20021,KS,Cherokee County,"Cherokee County, KS",80100,1,934.7,122620,183
20025,KS,Clark County,"Clark County, KS",85100,0,1112.9,159077,13
20027,KS,Clay County,"Clay County, KS",78200,0,1120.5,168443,95
20029,KS,Cloud County,"Cloud County, KS",78500,0,915.7,148621,61
20031,KS,Coffey County,"Coffey County, KS",92700,0,1180.3,171074,58
20033,KS,Comanche County,"Comanche County, KS",82400,0,763.9,55000,1
20035,KS,Cowley County,"Cowley County, KS",81300,0,1000.1,142447,317
20037,KS,Crawford County,"Crawford County, KS",73200,0,1046.8,137396,387
20039,KS,Decatur County,"Decatur County, KS",80100,0,1172.5,247700,1
20041,KS,Dickinson County,"Dickinson County, KS",88500,0,1136.7,170111,215
20043,KS,Doniphan County,"Doniphan County, KS",83400,1,1262.5,182637,27
20045,KS,Douglas County,"Douglas County, KS",103500,1,2009.3,310874,688
20047,KS,Edwards County,"Edwards County, KS",84700,0,827.6,120700,11
20049,KS,Elk County,"Elk County, KS",71000,0,542.5,65847,16
20051,KS,Ellis County,"Ellis County, KS",95300,0,1280.5,238956,287
20053,KS,Ellsworth County,"Ellsworth County, KS",94000,0,1201.1,162003,23
20055,KS,Finney County,"Finney County, KS",93400,0,2122.2,250377,249
20057,KS,Ford County,"Ford County, KS",87900,0,1923.6,243923,200
20059,KS,Franklin County,"Franklin County, KS",96200,0,1737.5,248955,314
20061,KS,Geary County,"Geary County, KS",73800,1,1581.8,223064,517
20063,KS,Gove County,"Gove County, KS",89600,0,681.4,139900,16
20065,KS,Graham County,"Graham County, KS",66800,0,749.9,115281,18
20067,KS,Grant County,"Grant County, KS",91700,0,1077.3,162857,7
20069,KS,Gray County,"Gray County, KS",100600,0,1536.6,208135,20
20071,KS,Greeley County,"Greeley County, KS",90000,0,1310.0,165000,2
20073,KS,Greenwood County,"Greenwood County, KS",74600,0,782.6,108923,39
20075,KS,Hamilton County,"Hamilton County, KS",80900,0,1516.7,223780,5
20077,KS,Harper County,"Harper County, KS",72300,0,621.0,97819,42
20079,KS,Harvey County,"Harvey County, KS",93800,1,1123.4,192830,383
20081,KS,Haskell County,"Haskell County, KS",103900,0,1417.6,208207,14
20083,KS,Hodgeman County,"Hodgeman County, KS",90500,0,957.2,187250,8
20085,KS,Jackson County,"Jackson County, KS",99100,1,1361.1,218558,95
20087,KS,Jefferson County,"Jefferson County, KS",99100,1,1605.2,269913,165
20091,KS,Johnson County,"Johnson County, KS",111400,1,2245.1,471097,9285
20093,KS,Kearny County,"Kearny County, KS",80700,0,1706.1,235014,14
20095,KS,Kingman County,"Kingman County, KS",83000,0,1071.3,152780,40
20097,KS,Kiowa County,"Kiowa County, KS",92500,0,1095.8,199167,6
20099,KS,Labette County,"Labette County, KS",79700,0,700.1,94149,171
20101,KS,Lane County,"Lane County, KS",91800,0,769.8,165200,6
20103,KS,Leavenworth County,"Leavenworth County, KS",111400,1,1845.5,335641,1061
20105,KS,Lincoln County,"Lincoln County, KS",79700,0,2152.7,373000,4
20107,KS,Linn County,"Linn County, KS",111400,1,1490.7,200156,133
20109,KS,Logan County,"Logan County, KS",91900,0,1166.1,97500,1
20111,KS,Lyon County,"Lyon County, KS",83800,0,1238.9,178805,311
20115,KS,Marion County,"Marion County, KS",86200,0,865.5,130331,89
20117,KS,Marshall County,"Marshall County, KS",90600,0,930.7,129144,9
20113,KS,McPherson County,"McPherson County, KS",100500,0,1198.5,226342,90
20119,KS,Meade County,"Meade County, KS",97900,0,888.9,147643,14
20121,KS,Miami County,"Miami County, KS",111400,1,1933.5,320753,486
20123,KS,Mitchell County,"Mitchell County, KS",77000,0,969.7,284667,6
20125,KS,Montgomery County,"Montgomery County, KS",74600,0,842.9,120528,293
20127,KS,Morris County,"Morris County, KS",83400,0,1237.6,178174,38
20129,KS,Morton County,"Morton County, KS",89900,0,320.4,30000,1
20131,KS,Nemaha County,"Nemaha County, KS",106600,0,1139.1,203891,23
20133,KS,Neosho County,"Neosho County, KS",84700,0,854.7,125917,78
20135,KS,Ness County,"Ness County, KS",99300,0,766.0,129500,12
20137,KS,Norton County,"Norton County, KS",77200,0,1058.1,220000,1
20139,KS,Osage County,"Osage County, KS",99100,1,1306.9,190674,149
20141,KS,Osborne County,"Osborne County, KS",87000,0,277.9,69000,1
20143,KS,Ottawa County,"Ottawa County, KS",96000,0,985.7,181020,51
20145,KS,Pawnee County,"Pawnee County, KS",100500,0,803.6,137311,58
20147,KS,Phillips County,"Phillips County, KS",85400,0,442.3,91000,2
20149,KS,Pottawatomie County,"Pottawatomie County, KS",90000,1,1906.0,335462,317
20151,KS,Pratt County,"Pratt County, KS",87500,0,880.1,98667,3
20153,KS,Rawlins County,"Rawlins County, KS",81800,0,1497.6,159667,3
20155,KS,Reno County,"Reno County, KS",84700,0,1102.7,157105,130
20157,KS,Republic County,"Republic County, KS",77100,0,829.7,102162,8
20159,KS,Rice County,"Rice County, KS",83600,0,815.2,167664,14
20161,KS,Riley County,"Riley County, KS",90000,1,1851.4,284592,805
20163,KS,Rooks County,"Rooks County, KS",88500,0,635.4,91688,17
20165,KS,Rush County,"Rush County, KS",76000,0,695.0,106905,19
20167,KS,Russell County,"Russell County, KS",78700,0,816.1,141380,60
20169,KS,Saline County,"Saline County, KS",91900,0,1179.4,201973,736
20171,KS,Scott County,"Scott County, KS",81900,0,1368.1,207833,3
20173,KS,Sedgwick County,"Sedgwick County, KS",93800,1,1397.1,253516,7619
20175,KS,Seward County,"Seward County, KS",82400,0,1055.1,158667,15
20177,KS,Shawnee County,"Shawnee County, KS",99100,1,1324.7,214591,2279
20181,KS,Sherman County,"Sherman County, KS",79600,0,1012.7,110500,2
20185,KS,Stafford County,"Stafford County, KS",90000,0,768.9,101311,9
20187,KS,Stanton County,"Stanton County, KS",77000,0,658.5,225000,1
20189,KS,Stevens County,"Stevens County, KS",75400,0,788.8,161140,5
20191,KS,Sumner County,"Sumner County, KS",89000,1,967.2,141722,239
20193,KS,Thomas County,"Thomas County, KS",104800,0,1017.1,175000,1
20195,KS,Trego County,"Trego County, KS",99500,0,865.1,145625,20
20197,KS,Wabaunsee County,"Wabaunsee County, KS",99100,1,1658.7,244018,57
20201,KS,Washington County,"Washington County, KS",85600,0,729.5,112400,4
20205,KS,Wilson County,"Wilson County, KS",80100,0,721.9,99698,66
20207,KS,Woodson County,"Woodson County, KS",72100,0,806.5,106176,21
20209,KS,Wyandotte County,"Wyandotte County, KS",111400,1,1661.8,233520,1658
21001,KY,Adair County,"Adair County, KY",69800,0,1302.5,210679,78
21003,KY,Allen County,"Allen County, KY",82300,1,1801.3,230358,192
21005,KY,Anderson County,"Anderson County, KY",92800,0,1845.1,270412,291
21007,KY,Ballard County,"Ballard County, KY",89400,1,1197.0,204120,39
21009,KY,Barren County,"Barren County, KY",67000,0,1417.9,235981,396
21011,KY,Bath County,"Bath County, KY",75100,0,1499.0,195058,76
21013,KY,Bell County,"Bell County, KY",50000,0,1111.1,169453,111
21015,KY,Boone County,"Boone County, KY",111800,1,1980.9,346349,1926
21017,KY,Bourbon County,"Bourbon County, KY",102400,1,1582.2,230678,240
21019,KY,Boyd County,"Boyd County, KY",78600,1,1057.5,167087,488
21021,KY,Boyle County,"Boyle County, KY",84400,0,1587.8,259924,355
21023,KY,Bracken County,"Bracken County, KY",111800,1,1195.5,205419,48
21025,KY,Breathitt County,"Breathitt County, KY",59400,0,967.9,157333,18
21027,KY,Breckinridge County,"Breckinridge County, KY",76500,0,1631.1,217732,171
21029,KY,Bullitt County,"Bullitt County, KY",96600,1,2000.0,297067,1046
21031,KY,Butler County,"Butler County, KY",72500,1,1492.9,241182,45
21033,KY,Caldwell County,"Caldwell County, KY",82400,0,1245.6,164761,92
21035,KY,Calloway County,"Calloway County, KY",84300,0,1513.2,254703,323
21037,KY,Campbell County,"Campbell County, KY",111800,1,2017.4,290103,1258
21039,KY,Carlisle County,"Carlisle County, KY",77300,1,1044.5,174313,23
21041,KY,Carroll County,"Carroll County, KY",80000,0,1522.5,214313,78
21043,KY,Carter County,"Carter County, KY",70000,1,1139.4,180361,127
21045,KY,Casey County,"Casey County, KY",56700,0,1398.5,203908,39
21047,KY,Christian County,"Christian County, KY",89800,1,1718.4,233771,635
21049,KY,Clark County,"Clark County, KY",102400,1,1705.6,273323,417
21051,KY,Clay County,"Clay County, KY",49100,0,1119.0,148652,48
21053,KY,Clinton County,"Clinton County, KY",59200,0,1330.1,171529,17
21055,KY,Crittenden County,"Crittenden County, KY",82300,0,1154.1,152255,38
21057,KY,Cumberland County,"Cumberland County, KY",59000,0,1915.9,303667,21
21059,KY,Daviess County,"Daviess County, KY",86200,1,1648.0,239684,1258
21061,KY,Edmonson County,"Edmonson County, KY",82900,1,1928.1,276955,100
21063,KY,Elliott County,"Elliott County, KY",53000,0,1269.4,235322,9
21065,KY,Estill County,"Estill County, KY",64000,0,1370.7,185060,98
21067,KY,Fayette County,"Fayette County, KY",102400,1,2057.5,345914,3803
21069,KY,Fleming County,"Fleming County, KY",68100,0,1391.0,201520,65
21071,KY,Floyd County,"Floyd County, KY",61300,0,1012.0,142668,152
21073,KY,Franklin County,"Franklin County, KY",92400,0,1722.8,262037,565
21075,KY,Fulton County,"Fulton County, KY",53000,0,755.6,118100,32
21077,KY,Gallatin County,"Gallatin County, KY",111800,1,1731.6,247654,74
21079,KY,Garrard County,"Garrard County, KY",76200,0,1685.8,279176,219
21081,KY,Grant County,"Grant County, KY",85600,1,2039.4,291311,275
21083,KY,Graves County,"Graves County, KY",67500,0,1339.8,197542,310
21085,KY,Grayson County,"Grayson County, KY",70500,0,1649.7,217203,227
21087,KY,Green County,"Green County, KY",61300,0,1104.8,162051,49
21089,KY,Greenup County,"Greenup County, KY",78600,1,1200.7,177253,285
21091,KY,Hancock County,"Hancock County, KY",85100,0,1355.3,197789,67
21093,KY,Hardin County,"Hardin County, KY",80200,1,1610.3,280720,1350
21095,KY,Harlan County,"Harlan County, KY",55500,0,698.0,101192,71
21097,KY,Harrison County,"Harrison County, KY",84700,0,1737.4,262039,204
21099,KY,Hart County,"Hart County, KY",69000,0,1553.9,209917,138
21101,KY,Henderson County,"Henderson County, KY",80900,0,1408.6,212573,387
21103,KY,Henry County,"Henry County, KY",96600,1,1717.8,246428,145
21105,KY,Hickman County,"Hickman County, KY",88500,0,919.7,135550,26
21107,KY,Hopkins County,"Hopkins County, KY",75100,0,1336.2,185606,403
21109,KY,Jackson County,"Jackson County, KY",57800,0,1493.5,178559,61
21111,KY,Jefferson County,"Jefferson County, KY",96600,1,1785.7,276532,10503
21113,KY,Jessamine County,"Jessamine County, KY",102400,1,2001.3,354425,678
21115,KY,Johnson County,"Johnson County, KY",62700,0,1079.5,183084,111
21117,KY,Kenton County,"Kenton County, KY",111800,1,2077.7,284221,2361
21119,KY,Knott County,"Knott County, KY",50800,0,1004.7,158293,29
21121,KY,Knox County,"Knox County, KY",46900,0,1187.6,169735,144
21123,KY,Larue County,"Larue County, KY",80200,1,1550.3,237368,133
21125,KY,Laurel County,"Laurel County, KY",72500,0,1526.6,227628,501
21127,KY,Lawrence County,"Lawrence County, KY",68900,1,1034.8,150698,64
21129,KY,Lee County,"Lee County, KY",45900,0,1282.6,177762,40
21131,KY,Leslie County,"Leslie County, KY",60500,0,1114.9,163085,13
21133,KY,Letcher County,"Letcher County, KY",59000,0,838.2,136491,33
21135,KY,Lewis County,"Lewis County, KY",62500,0,1148.1,139058,50
21137,KY,Lincoln County,"Lincoln County, KY",65400,0,1524.5,210824,196
21139,KY,Livingston County,"Livingston County, KY",79700,1,1524.0,206779,71
21141,KY,Logan County,"Logan County, KY",81900,0,1555.6,232335,332
21143,KY,Lyon County,"Lyon County, KY",90100,0,1858.9,317533,109
21151,KY,Madison County,"Madison County, KY",88400,0,1836.9,301478,1305
21153,KY,Magoffin County,"Magoffin County, KY",42500,0,1192.3,188621,29
21155,KY,Marion County,"Marion County, KY",73900,0,1500.0,212440,30
21157,KY,Marshall County,"Marshall County, KY",84200,0,1412.3,220572,333
21159,KY,Martin County,"Martin County, KY",53700,0,681.1,99800,15
21161,KY,Mason County,"Mason County, KY",71600,0,1217.0,192160,52
21145,KY,McCracken County,"McCracken County, KY",90200,1,1429.3,231704,850
21147,KY,McCreary County,"McCreary County, KY",45100,0,1246.8,160909,75
21149,KY,McLean County,"McLean County, KY",86200,1,1210.5,185065,40
21163,KY,Meade County,"Meade County, KY",86800,1,1563.9,304437,308
21165,KY,Menifee County,"Menifee County, KY",58400,0,1481.0,160702,81
21167,KY,Mercer County,"Mercer County, KY",90900,0,1741.7,253521,298
21169,KY,Metcalfe County,"Metcalfe County, KY",62000,0,1165.9,175331,39
21171,KY,Monroe County,"Monroe County, KY",67800,0,1154.5,171419,37
21173,KY,Montgomery County,"Montgomery County, KY",79100,0,1547.3,235508,277
21175,KY,Morgan County,"Morgan County, KY",64100,0,1175.2,180030,51
21177,KY,Muhlenberg County,"Muhlenberg County, KY",75800,0,1195.2,164438,99
21179,KY,Nelson County,"Nelson County, KY",87500,1,1949.4,274185,545
21181,KY,Nicholas County,"Nicholas County, KY",73600,0,1414.5,196572,32
21183,KY,Ohio County,"Ohio County, KY",64600,0,1410.0,206961,74
21185,KY,Oldham County,"Oldham County, KY",96600,1,1980.0,462608,948
21187,KY,Owen County,"Owen County, KY",85200,0,1581.2,218715,142
21189,KY,Owsley County,"Owsley County, KY",50700,0,1421.5,172500,8
21191,KY,Pendleton County,"Pendleton County, KY",111800,1,1683.2,197812,98
21193,KY,Perry County,"Perry County, KY",57800,0,971.2,154736,103
21195,KY,Pike County,"Pike County, KY",63000,0,1121.8,177054,232
21197,KY,Powell County,"Powell County, KY",76800,0,1641.8,195806,106
21199,KY,Pulaski County,"Pulaski County, KY",72300,0,1527.7,253754,662
21201,KY,Robertson County,"Robertson County, KY",69500,0,1176.0,139188,8
21203,KY,Rockcastle County,"Rockcastle County, KY",67500,0,1282.5,189615,102
21205,KY,Rowan County,"Rowan County, KY",78400,0,1376.9,226437,143
21207,KY,Russell County,"Russell County, KY",72300,0,1516.5,212646,185
21209,KY,Scott County,"Scott County, KY",102400,1,1971.0,343630,883
21211,KY,Shelby County,"Shelby County, KY",105800,1,1901.0,328476,623
21213,KY,Simpson County,"Simpson County, KY",77600,0,1905.3,261075,272
21215,KY,Spencer County,"Spencer County, KY",96600,1,2005.2,402075,223
21217,KY,Taylor County,"Taylor County, KY",85800,0,1554.3,241097,172
21219,KY,Todd County,"Todd County, KY",76900,0,1691.4,244276,90
21221,KY,Trigg County,"Trigg County, KY",89800,1,1780.2,267775,197
21223,KY,Trimble County,"Trimble County, KY",82600,0,1600.3,238434,67
21225,KY,Union County,"Union County, KY",76500,0,1061.8,177774,56
21227,KY,Warren County,"Warren County, KY",82900,1,1880.4,305556,1550
21229,KY,Washington County,"Washington County, KY",89000,0,1543.0,226792,90
21231,KY,Wayne County,"Wayne County, KY",62400,0,1306.0,194169,127
21233,KY,Webster County,"Webster County, KY",71800,0,1182.9,192339,48
21235,KY,Whitley County,"Whitley County, KY",58000,0,1341.1,190507,222
21237,KY,Wolfe County,"Wolfe County, KY",37900,0,2575.1,312500,49
21239,KY,Woodford County,"Woodford County, KY",102400,1,1972.2,363748,282
22001,LA,Acadia Parish,"Acadia Parish, LA",69200,1,1185.0,184339,308
22003,LA,Allen Parish,"Allen Parish, LA",65200,0,988.9,134539,84
22005,LA,Ascension Parish,"Ascension Parish, LA",91700,1,1822.0,314856,1505
22007,LA,Assumption Parish,"Assumption Parish, LA",77200,1,1244.4,177565,58
22009,LA,Avoyelles Parish,"Avoyelles Parish, LA",54700,0,1013.8,155855,161
22011,LA,Beauregard Parish,"Beauregard Parish, LA",85000,0,1379.1,236136,290
22013,LA,Bienville Parish,"Bienville Parish, LA",55300,0,1014.3,171485,40
22015,LA,Bossier Parish,"Bossier Parish, LA",81700,1,1611.8,268073,1681
22017,LA,Caddo Parish,"Caddo Parish, LA",81700,1,1249.6,208869,2252
22019,LA,Calcasieu Parish,"Calcasieu Parish, LA",91100,1,1372.0,231308,1997
22021,LA,Caldwell Parish,"Caldwell Parish, LA",86800,0,1180.7,208750,20
22023,LA,Cameron Parish,"Cameron Parish, LA",91100,1,2204.2,343808,37
22025,LA,Catahoula Parish,"Catahoula Parish, LA",65700,0,948.6,148470,20
22027,LA,Claiborne Parish,"Claiborne Parish, LA",47300,0,1016.1,189123,57
22029,LA,Concordia Parish,"Concordia Parish, LA",54000,0,1162.5,175148,46
22031,LA,De Soto Parish,"De Soto Parish, LA",81700,1,1709.2,319319,180
22033,LA,East Baton Rouge Parish,"East Baton Rouge Parish, LA",91700,1,1658.9,274841,5301
22035,LA,East Carroll Parish,"East Carroll Parish, LA",39900,0,792.2,121067,9
22037,LA,East Feliciana Parish,"East Feliciana Parish, LA",91700,1,1547.9,294833,84
22039,LA,Evangeline Parish,"Evangeline Parish, LA",58100,0,708.6,121562,92
22041,LA,Franklin Parish,"Franklin Parish, LA",58700,0,939.7,169593,46
22043,LA,Grant Parish,"Grant Parish, LA",78000,1,1335.5,190933,107
22045,LA,Iberia Parish,"Iberia Parish, LA",75500,0,1144.5,173508,419
22047,LA,Iberville Parish,"Iberville Parish, LA",79000,1,1438.9,219985,184
22049,LA,Jackson Parish,"Jackson Parish, LA",60400,0,1213.5,230812,64
22053,LA,Jefferson Davis Parish,"Jefferson Davis Parish, LA",80600,1,1210.7,192435,215
22051,LA,Jefferson Parish,"Jefferson Parish, LA",89800,1,1728.4,276134,3489
22059,LA,La Salle Parish,"La Salle Parish, LA",92200,0,1063.3,161935,68
22055,LA,Lafayette Parish,"Lafayette Parish, LA",84700,1,1594.5,253391,3224
22057,LA,Lafourche Parish,"Lafourche Parish, LA",75700,1,1566.5,222546,814
22061,LA,Lincoln Parish,"Lincoln Parish, LA",70800,0,1678.9,259261,362
22063,LA,Livingston Parish,"Livingston Parish, LA",91700,1,1651.8,251121,1947
22065,LA,Madison Parish,"Madison Parish, LA",50400,0,858.4,165745,20
22067,LA,Morehouse Parish,"Morehouse Parish, LA",54100,1,911.8,155353,104
22069,LA,Natchitoches Parish,"Natchitoches Parish, LA",72600,0,1394.4,263738,196
22071,LA,Orleans Parish,"Orleans Parish, LA",89800,1,2061.7,331548,3584
22073,LA,Ouachita Parish,"Ouachita Parish, LA",73400,1,1442.6,246124,1274
22075,LA,Plaquemines Parish,"Plaquemines Parish, LA",89800,1,1851.4,362238,157
22077,LA,Pointe Coupee Parish,"Pointe Coupee Parish, LA",91700,1,1641.2,280630,146
22079,LA,Rapides Parish,"Rapides Parish, LA",78000,1,1303.0,215029,928
22081,LA,Red River Parish,"Red River Parish, LA",63400,0,1197.3,188419,16
22083,LA,Richland Parish,"Richland Parish, LA",69100,1,1436.9,220099,85
22085,LA,Sabine Parish,"Sabine Parish, LA",68600,0,1436.7,234592,39
22087,LA,St. Bernard Parish,"St. Bernard Parish, LA",89800,1,1509.2,228005,366
22089,LA,St. Charles Parish,"St. Charles Parish, LA",89800,1,1724.6,290832,422
22091,LA,St. Helena Parish,"St. Helena Parish, LA",91700,1,1456.8,263688,33
22093,LA,St. James Parish,"St. James Parish, LA",94700,1,1395.1,231309,68
22095,LA,St. John the Baptist Parish,"St. John the Baptist Parish, LA",89800,1,1275.6,195924,253
22097,LA,St. Landry Parish,"St. Landry Parish, LA",62800,0,1068.3,171965,478
22099,LA,St. Martin Parish,"St. Martin Parish, LA",84700,1,1325.2,204780,327
22101,LA,St. Mary Parish,"St. Mary Parish, LA",70600,0,911.5,147040,183
22103,LA,St. Tammany Parish,"St. Tammany Parish, LA",98000,1,1746.9,297387,3913
22105,LA,Tangipahoa Parish,"Tangipahoa Parish, LA",80400,1,1563.0,253376,1224
22107,LA,Tensas Parish,"Tensas Parish, LA",54900,0,2671.4,649125,4
22109,LA,Terrebonne Parish,"Terrebonne Parish, LA",75700,1,1414.2,206522,871
22111,LA,Union Parish,"Union Parish, LA",73400,1,1371.1,226874,93
22113,LA,Vermilion Parish,"Vermilion Parish, LA",80300,1,1388.7,221036,399
22115,LA,Vernon Parish,"Vernon Parish, LA",71800,0,1343.5,226952,275
22117,LA,Washington Parish,"Washington Parish, LA",64900,0,1036.5,171308,198
22119,LA,Webster Parish,"Webster Parish, LA",53200,0,1034.8,160414,238
22121,LA,West Baton Rouge Parish,"West Baton Rouge Parish, LA",91700,1,1644.9,266930,271
22123,LA,West Carroll Parish,"West Carroll Parish, LA",77000,0,918.9,158443,28
22125,LA,West Feliciana Parish,"West Feliciana Parish, LA",91700,1,2328.4,392654,114
22127,LA,Winn Parish,"Winn Parish, LA",68000,0,929.7,262564,37
25001,MA,Barnstable County,"Barnstable County, MA",124100,1,5017.0,719865,4087
25003,MA,Berkshire County,"Berkshire County, MA",108500,1,2499.1,355474,1582
25005,MA,Bristol County,"Bristol County, MA",114300,1,3335.7,543893,4408
25007,MA,Dukes County,"Dukes County, MA",153300,0,9055.1,1824758,91
25009,MA,Essex County,"Essex County, MA",160900,1,4128.3,689439,6745
25011,MA,Franklin County,"Franklin County, MA",104400,0,2420.5,371244,582
25013,MA,Hampden County,"Hampden County, MA",96200,1,2434.6,348904,4070
25015,MA,Hampshire County,"Hampshire County, MA",119000,1,2940.7,442681,1278
25017,MA,Middlesex County,"Middlesex County, MA",160900,1,4684.3,820153,13868
25019,MA,Nantucket County,"Nantucket County, MA",163500,0,10223.1,3091922,16
25021,MA,Norfolk County,"Norfolk County, MA",160900,1,4571.1,753939,6450
25023,MA,Plymouth County,"Plymouth County, MA",131400,1,3927.9,644059,5231
25025,MA,Suffolk County,"Suffolk County, MA",160900,1,6717.9,797604,5444
25027,MA,Worcester County,"Worcester County, MA",122200,1,3020.7,492924,7981
24001,MD,Allegany County,"Allegany County, MD",77500,0,1107.7,157871,711
24003,MD,Anne Arundel County,"Anne Arundel County, MD",130300,1,2798.9,499676,7517
24510,MD,Baltimore city,"Baltimore City County, MD",130300,1,1744.2,236210,7443
24005,MD,Baltimore County,"Baltimore County, MD",130300,1,2201.6,366503,8563
24009,MD,Calvert County,"Calvert County, MD",158600,1,2313.0,488438,1203
24011,MD,Caroline County,"Caroline County, MD",86200,0,2096.6,296640,359
24013,MD,Carroll County,"Carroll County, MD",130300,1,2425.9,478584,2014
24015,MD,Cecil County,"Cecil County, MD",119400,1,2131.0,360598,1117
24017,MD,Charles County,"Charles County, MD",163900,1,2204.4,446919,2377
24019,MD,Dorchester County,"Dorchester County, MD",87000,0,1886.5,282016,504
24021,MD,Frederick County,"Frederick County, MD",163900,1,2429.4,486957,3632
24023,MD,Garrett County,"Garrett County, MD",91200,0,2612.9,502535,475
24025,MD,Harford County,"Harford County, MD",130300,1,2161.4,396688,3106
24027,MD,Howard County,"Howard County, MD",130300,1,2768.9,611996,3379
24029,MD,Kent County,"Kent County, MD",113000,0,2393.2,369353,284
24031,MD,Montgomery County,"Montgomery County, MD",163900,1,3257.9,637856,9882
24033,MD,Prince George's County,"Prince George's County, MD",163900,1,2556.7,446254,7974
24035,MD,Queen Anne's County,"Queen Anne's County, MD",130300,1,2784.7,528112,884
24037,MD,St. Mary's County,"St. Mary's County, MD",128800,1,2185.4,437181,1329
24041,MD,Talbot County,"Talbot County, MD",115000,0,2693.4,492171,621
24043,MD,Washington County,"Washington County, MD",93500,1,1917.0,317774,1628
23001,ME,Androscoggin County,"Androscoggin County, ME",85400,1,2243.2,345757,1107
23003,ME,Aroostook County,"Aroostook County, ME",81000,0,1279.0,166436,728
23005,ME,Cumberland County,"Cumberland County, ME",129800,1,3686.7,584383,4247
23007,ME,Franklin County,"Franklin County, ME",86400,0,2603.8,322383,507
23009,ME,Hancock County,"Hancock County, ME",96600,0,2958.8,433419,738
23011,ME,Kennebec County,"Kennebec County, ME",87300,0,2146.4,319035,1503
23013,ME,Knox County,"Knox County, ME",100200,0,3027.7,446828,524
23015,ME,Lincoln County,"Lincoln County, ME",98700,0,3076.3,468903,475
23017,ME,Oxford County,"Oxford County, ME",79800,0,2531.0,351270,870
23019,ME,Penobscot County,"Penobscot County, ME",77700,1,1962.1,285572,1680
23021,ME,Piscataquis County,"Piscataquis County, ME",70300,0,1975.2,248863,328
23023,ME,Sagadahoc County,"Sagadahoc County, ME",103200,1,2911.9,436669,425
23025,ME,Somerset County,"Somerset County, ME",78000,0,1928.6,243458,570
23027,ME,Waldo County,"Waldo County, ME",88700,0,2395.5,353790,463
23029,ME,Washington County,"Washington County, ME",74800,0,1698.7,238931,381
23031,ME,York County,"York County, ME",114000,1,3575.4,515154,3176
26001,MI,Alcona County,"Alcona County, MI",76700,0,1722.5,190885,151
26003,MI,Alger County,"Alger County, MI",77100,0,1821.0,239836,137
26005,MI,Allegan County,"Allegan County, MI",103300,0,2267.7,352984,1316
26007,MI,Alpena County,"Alpena County, MI",73900,0,1305.5,193343,337
26009,MI,Antrim County,"Antrim County, MI",93400,0,2534.4,355159,533
26011,MI,Arenac County,"Arenac County, MI",75700,0,1412.7,179100,161
26013,MI,Baraga County,"Baraga County, MI",77000,0,1900.4,225203,69
26015,MI,Barry County,"Barry County, MI",103600,1,2051.9,305078,708
26017,MI,Bay County,"Bay County, MI",83700,1,1350.7,165400,1086
26019,MI,Benzie County,"Benzie County, MI",95700,1,3015.6,408663,315
26021,MI,Berrien County,"Berrien County, MI",87200,1,1947.7,301548,1893
26023,MI,Branch County,"Branch County, MI",82300,0,1556.9,214790,430
26025,MI,Calhoun County,"Calhoun County, MI",80100,1,1496.8,196204,1550
26027,MI,Cass County,"Cass County, MI",92200,1,1760.5,252802,548
26029,MI,Charlevoix County,"Charlevoix County, MI",99700,0,3496.2,522408,93
26031,MI,Cheboygan County,"Cheboygan County, MI",78900,0,1841.0,278149,291
26033,MI,Chippewa County,"Chippewa County, MI",85900,0,1490.2,194690,317
26035,MI,Clare County,"Clare County, MI",65300,0,1491.2,157602,559
26037,MI,Clinton County,"Clinton County, MI",101700,1,1789.0,327402,854
26039,MI,Crawford County,"Crawford County, MI",78200,0,1580.9,202820,224
26041,MI,Delta County,"Delta County, MI",80300,0,1430.4,194886,374
26043,MI,Dickinson County,"Dickinson County, MI",83100,0,1328.0,166288,317
26045,MI,Eaton County,"Eaton County, MI",101700,1,1579.0,269341,1138
26047,MI,Emmet County,"Emmet County, MI",97600,0,2622.8,387923,92
26049,MI,Genesee County,"Genesee County, MI",83000,1,1465.8,215754,4904
26051,MI,Gladwin County,"Gladwin County, MI",78300,0,1725.9,208816,426
26053,MI,Gogebic County,"Gogebic County, MI",73400,0,1134.5,135420,235
26055,MI,Grand Traverse County,"Grand Traverse County, MI",106100,1,3060.6,412262,1785
26057,MI,Gratiot County,"Gratiot County, MI",78200,0,1288.8,160879,419
26059,MI,Hillsdale County,"Hillsdale County, MI",80700,0,1631.1,236770,506
26061,MI,Houghton County,"Houghton County, MI",88200,0,1464.9,214164,338
26063,MI,Huron County,"Huron County, MI",81200,0,1341.6,178299,142
26065,MI,Ingham County,"Ingham County, MI",101700,1,1496.3,204265,3253
26067,MI,Ionia County,"Ionia County, MI",83300,1,1718.9,244113,573
26069,MI,Iosco County,"Iosco County, MI",67700,0,1545.4,176949,493
26071,MI,Iron County,"Iron County, MI",76800,0,1523.5,157234,245
26073,MI,Isabella County,"Isabella County, MI",81800,0,1464.1,206283,643
26075,MI,Jackson County,"Jackson County, MI",84300,1,1547.6,220517,1922
26077,MI,Kalamazoo County,"Kalamazoo County, MI",95800,1,1827.6,285984,3024
26079,MI,Kalkaska County,"Kalkaska County, MI",82900,1,2095.1,261263,286
26081,MI,Kent County,"Kent County, MI",106400,1,2278.2,349269,7796
26083,MI,Keweenaw County,"Keweenaw County, MI",90100,0,2120.4,342199,22
26085,MI,Lake County,"Lake County, MI",63900,0,1832.1,190882,277
26087,MI,Lapeer County,"Lapeer County, MI",101000,1,1908.9,302487,961
26089,MI,Leelanau County,"Leelanau County, MI",117200,1,3924.5,623026,498
26091,MI,Lenawee County,"Lenawee County, MI",84300,0,1660.6,242512,1167
26093,MI,Livingston County,"Livingston County, MI",130600,1,2260.9,400253,2422
26095,MI,Luce County,"Luce County, MI",77100,0,1315.7,170720,87
26097,MI,Mackinac County,"Mackinac County, MI",79300,0,1834.7,260415,118
26099,MI,Macomb County,"Macomb County, MI",101000,1,1809.5,266954,10935
26101,MI,Manistee County,"Manistee County, MI",83400,0,1997.4,268745,365
26103,MI,Marquette County,"Marquette County, MI",87200,0,1993.7,277120,695
26105,MI,Mason County,"Mason County, MI",86600,0,1978.3,277369,336
26107,MI,Mecosta County,"Mecosta County, MI",77600,0,1764.3,257506,584
26109,MI,Menominee County,"Menominee County, MI",83000,0,1359.4,181520,267
26111,MI,Midland County,"Midland County, MI",103300,1,1606.0,248159,556
26113,MI,Missaukee County,"Missaukee County, MI",79200,0,1648.9,223269,185
26115,MI,Monroe County,"Monroe County, MI",91500,1,1809.4,264979,1644
26117,MI,Montcalm County,"Montcalm County, MI",82100,1,1758.1,240597,779
26119,MI,Montmorency County,"Montmorency County, MI",68700,0,1466.7,182679,208
26121,MI,Muskegon County,"Muskegon County, MI",82000,1,1887.6,247093,2301
26123,MI,Newaygo County,"Newaygo County, MI",79400,0,1847.1,252885,548
26125,MI,Oakland County,"Oakland County, MI",101000,1,2183.1,368097,15573
26127,MI,Oceana County,"Oceana County, MI",79500,0,1929.7,263282,316
26129,MI,Ogemaw County,"Ogemaw County, MI",71900,0,1513.0,185944,308
26131,MI,Ontonagon County,"Ontonagon County, MI",72800,0,1505.5,174621,82
26133,MI,Osceola County,"Osceola County, MI",74800,0,1535.0,193125,288
26135,MI,Oscoda County,"Oscoda County, MI",65900,0,1250.6,151164,170
26137,MI,Otsego County,"Otsego County, MI",90500,0,1652.2,288129,363
26139,MI,Ottawa County,"Ottawa County, MI",110600,1,2441.6,401085,3340
26141,MI,Presque Isle County,"Presque Isle County, MI",78200,0,1662.6,260784,148
26143,MI,Roscommon County,"Roscommon County, MI",74100,0,1776.7,200496,675
26145,MI,Saginaw County,"Saginaw County, MI",80600,1,1238.3,178479,2028
26151,MI,Sanilac County,"Sanilac County, MI",79200,0,1541.5,205584,357
26153,MI,Schoolcraft County,"Schoolcraft County, MI",78500,0,1663.1,194260,159
26155,MI,Shiawassee County,"Shiawassee County, MI",86600,0,1484.3,193508,825
26147,MI,St. Clair County,"St. Clair County, MI",101000,1,1787.8,251374,1920
26149,MI,St. Joseph County,"St. Joseph County, MI",84100,0,1574.0,213470,641
26157,MI,Tuscola County,"Tuscola County, MI",81000,0,1437.3,190036,414
26159,MI,Van Buren County,"Van Buren County, MI",87300,0,1979.3,306687,854
26161,MI,Washtenaw County,"Washtenaw County, MI",125900,1,2432.8,420592,3644
26163,MI,Wayne County,"Wayne County, MI",101000,1,1553.2,205121,18295
26165,MI,Wexford County,"Wexford County, MI",84000,0,1794.5,240603,477
27001,MN,Aitkin County,"Aitkin County, MN",82400,0,2384.8,317632,298
27003,MN,Anoka County,"Anoka County, MN",132400,1,2068.5,375490,4519
27005,MN,Becker County,"Becker County, MN",97500,0,2085.2,372727,438
27007,MN,Beltrami County,"Beltrami County, MN",92200,0,1773.5,289421,434
27009,MN,Benton County,"Benton County, MN",103200,1,1660.2,301905,421
27011,MN,Big Stone County,"Big Stone County, MN",89400,0,1087.1,176261,44
27015,MN,Brown County,"Brown County, MN",96600,0,1358.9,227581,223
27019,MN,Carver County,"Carver County, MN",132400,1,2231.2,496587,1741
27021,MN,Cass County,"Cass County, MN",87300,0,2448.3,368811,583
27023,MN,Chippewa County,"Chippewa County, MN",100500,0,1190.2,190419,104
27025,MN,Chisago County,"Chisago County, MN",132400,1,2213.0,380088,817
27029,MN,Clearwater County,"Clearwater County, MN",89500,0,1589.7,223032,73
27031,MN,Cook County,"Cook County, MN",94400,0,3672.6,434934,114
27033,MN,Cottonwood County,"Cottonwood County, MN",94700,0,1010.1,153639,99
27035,MN,Crow Wing County,"Crow Wing County, MN",106500,0,2287.3,369078,1127
27037,MN,Dakota County,"Dakota County, MN",132400,1,2074.1,397859,5534
27039,MN,Dodge County,"Dodge County, MN",125600,1,1887.2,318182,240
27041,MN,Douglas County,"Douglas County, MN",105200,0,2000.0,350274,559
27043,MN,Faribault County,"Faribault County, MN",86100,0,962.4,153215,170
27045,MN,Fillmore County,"Fillmore County, MN",98600,1,1527.6,231434,198
27047,MN,Freeborn County,"Freeborn County, MN",94200,0,1302.4,195503,361
27049,MN,Goodhue County,"Goodhue County, MN",113200,0,1796.7,303417,571
27051,MN,Grant County,"Grant County, MN",91900,0,1353.7,217185,96
27053,MN,Hennepin County,"Hennepin County, MN",132400,1,2299.6,403958,15741
27055,MN,Houston County,"Houston County, MN",109200,1,1694.5,283259,166
27057,MN,Hubbard County,"Hubbard County, MN",91000,0,2110.5,326753,328
27059,MN,Isanti County,"Isanti County, MN",132400,1,2120.0,343276,622
27061,MN,Itasca County,"Itasca County, MN",90700,0,1831.1,279363,536
27063,MN,Jackson County,"Jackson County, MN",95200,0,969.8,146958,72
27065,MN,Kanabec County,"Kanabec County, MN",93300,0,1913.1,294444,209
27067,MN,Kandiyohi County,"Kandiyohi County, MN",100800,0,1563.4,279071,482
27069,MN,Kittson County,"Kittson County, MN",102100,0,1178.0,161900,10
27071,MN,Koochiching County,"Koochiching County, MN",92100,0,1083.0,146611,106
27073,MN,Lac qui Parle County,"Lac qui Parle County, MN",99900,0,1020.5,143694,52
27077,MN,Lake of the Woods County,"Lake of the Woods County, MN",96400,0,1524.8,212071,61
27079,MN,Le Sueur County,"Le Sueur County, MN",116800,1,1889.8,319488,366
27081,MN,Lincoln County,"Lincoln County, MN",93900,0,1150.4,174214,55
27083,MN,Lyon County,"Lyon County, MN",101500,0,1165.8,202504,221
27087,MN,Mahnomen County,"Mahnomen County, MN",69500,0,1103.7,171367,22
27089,MN,Marshall County,"Marshall County, MN",99500,0,1308.1,184159,43
27091,MN,Martin County,"Martin County, MN",91700,0,1094.8,170083,235
27085,MN,McLeod County,"McLeod County, MN",108900,0,1638.2,277939,438
27093,MN,Meeker County,"Meeker County, MN",103400,0,1819.9,286360,249
27095,MN,Mille Lacs County,"Mille Lacs County, MN",93500,1,2092.1,295080,363
27097,MN,Morrison County,"Morrison County, MN",93000,0,1656.5,283179,310
27099,MN,Mower County,"Mower County, MN",98500,0,1402.9,211667,468
27101,MN,Murray County,"Murray County, MN",100900,0,1262.2,211934,104
27105,MN,Nobles County,"Nobles County, MN",86300,0,1521.9,254886,160
27107,MN,Norman County,"Norman County, MN",100500,0,985.6,138803,54
27109,MN,Olmsted County,"Olmsted County, MN",125600,1,1947.6,354430,2184
27111,MN,Otter Tail County,"Otter Tail County, MN",100100,0,1853.0,306484,766
27113,MN,Pennington County,"Pennington County, MN",107500,0,1224.0,186816,125
27115,MN,Pine County,"Pine County, MN",90400,0,2004.3,282840,357
27117,MN,Pipestone County,"Pipestone County, MN",89100,0,1088.4,162520,71
27121,MN,Pope County,"Pope County, MN",104000,0,1879.6,290252,153
27123,MN,Ramsey County,"Ramsey County, MN",132400,1,2157.5,337202,5693
27125,MN,Red Lake County,"Red Lake County, MN",104400,0,926.1,138995,19
27127,MN,Redwood County,"Redwood County, MN",92400,0,998.0,162979,137
27129,MN,Renville County,"Renville County, MN",95300,0,1105.7,173344,125
27131,MN,Rice County,"Rice County, MN",107700,0,1861.9,342220,704
27133,MN,Rock County,"Rock County, MN",102600,1,1417.0,246726,99
27135,MN,Roseau County,"Roseau County, MN",96200,0,1392.2,223636,126
27139,MN,Scott County,"Scott County, MN",132400,1,2078.3,433367,2132
27141,MN,Sherburne County,"Sherburne County, MN",132400,1,1998.8,381756,1357
27143,MN,Sibley County,"Sibley County, MN",101700,0,1482.7,247778,155
27145,MN,Stearns County,"Stearns County, MN",103200,1,1651.8,295425,1740
27147,MN,Steele County,"Steele County, MN",114800,0,1678.3,280357,431
27149,MN,Stevens County,"Stevens County, MN",103000,0,1183.8,185535,79
27151,MN,Swift County,"Swift County, MN",84900,0,1094.4,177052,83
27153,MN,Todd County,"Todd County, MN",82600,0,1663.8,248137,244
27155,MN,Traverse County,"Traverse County, MN",99900,0,1147.1,201921,14
27157,MN,Wabasha County,"Wabasha County, MN",104700,1,1801.0,302964,236
27159,MN,Wadena County,"Wadena County, MN",85100,0,1377.7,232470,138
27161,MN,Waseca County,"Waseca County, MN",96200,0,1543.8,235956,190
27163,MN,Washington County,"Washington County, MN",132400,1,2172.7,439308,4056
27165,MN,Watonwan County,"Watonwan County, MN",92300,0,1035.9,173010,87
27167,MN,Wilkin County,"Wilkin County, MN",100700,0,1323.8,219729,55
27169,MN,Winona County,"Winona County, MN",105700,0,1611.9,252397,424
27171,MN,Wright County,"Wright County, MN",132400,1,2012.7,398090,2521
27173,MN,Yellow Medicine County,"Yellow Medicine County, MN",95200,0,915.8,156157,91
29001,MO,Adair County,"Adair County, MO",84900,0,1214.3,177728,280
29003,MO,Andrew County,"Andrew County, MO",83400,1,1510.7,293466,163
29005,MO,Atchison County,"Atchison County, MO",74200,0,908.4,128597,44
29007,MO,Audrain County,"Audrain County, MO",76600,0,1384.2,182244,252
29009,MO,Barry County,"Barry County, MO",74300,0,1672.2,248491,386
29011,MO,Barton County,"Barton County, MO",72100,0,1209.7,161716,106
29013,MO,Bates County,"Bates County, MO",82500,1,1571.9,217413,164
29015,MO,Benton County,"Benton County, MO",72400,0,1656.6,226676,336
29017,MO,Bollinger County,"Bollinger County, MO",98100,1,1225.2,179794,81
29019,MO,Boone County,"Boone County, MO",105800,1,1928.0,330275,2308
29021,MO,Buchanan County,"Buchanan County, MO",83400,1,1346.5,197084,1005
29023,MO,Butler County,"Butler County, MO",69100,0,1173.8,173744,436
29025,MO,Caldwell County,"Caldwell County, MO",111400,1,1537.2,215159,73
29027,MO,Callaway County,"Callaway County, MO",93600,1,1730.6,290544,422
29029,MO,Camden County,"Camden County, MO",86400,0,2688.9,396820,1701
29031,MO,Cape Girardeau County,"Cape Girardeau County, MO",98100,1,1412.8,264463,1032
29033,MO,Carroll County,"Carroll County, MO",82500,0,1192.6,169472,67
29035,MO,Carter County,"Carter County, MO",85700,0,1561.7,235305,42
29037,MO,Cass County,"Cass County, MO",111400,1,1987.9,351643,1791
29039,MO,Cedar County,"Cedar County, MO",72400,0,1526.9,231949,163
29041,MO,Chariton County,"Chariton County, MO",82000,0,1282.7,228500,16
29043,MO,Christian County,"Christian County, MO",91100,1,1877.6,332471,1582
29045,MO,Clark County,"Clark County, MO",76900,0,1231.8,192762,16
29047,MO,Clay County,"Clay County, MO",111400,1,1886.0,339895,4048
29049,MO,Clinton County,"Clinton County, MO",111400,1,1789.3,303756,267
29051,MO,Cole County,"Cole County, MO",113000,1,1511.2,276816,880
29053,MO,Cooper County,"Cooper County, MO",92300,1,1540.7,259567,172
29055,MO,Crawford County,"Crawford County, MO",77400,0,1563.4,212304,199
29057,MO,Dade County,"Dade County, MO",73000,0,1334.4,190233,57
29059,MO,Dallas County,"Dallas County, MO",70000,1,1725.7,278014,146
29061,MO,Daviess County,"Daviess County, MO",78300,0,1667.0,279561,98
29063,MO,DeKalb County,"DeKalb County, MO",83400,1,1424.4,246625,67
29065,MO,Dent County,"Dent County, MO",68200,0,1311.7,174844,158
29067,MO,Douglas County,"Douglas County, MO",68700,0,1782.3,268604,123
29069,MO,Dunklin County,"Dunklin County, MO",68400,0,799.3,126275,166
29071,MO,Franklin County,"Franklin County, MO",111400,1,1824.4,274688,1246
29073,MO,Gasconade County,"Gasconade County, MO",81600,0,1464.5,204214,147
29075,MO,Gentry County,"Gentry County, MO",80800,0,1048.1,149501,36
29077,MO,Greene County,"Greene County, MO",91100,1,1742.2,263270,4503
29079,MO,Grundy County,"Grundy County, MO",77000,0,956.1,141134,96
29081,MO,Harrison County,"Harrison County, MO",71900,0,942.2,123353,15
29083,MO,Henry County,"Henry County, MO",72500,0,1390.5,207836,299
29085,MO,Hickory County,"Hickory County, MO",55700,0,1658.8,217766,124
29087,MO,Holt County,"Holt County, MO",78600,0,1119.2,136816,43
29089,MO,Howard County,"Howard County, MO",85100,1,1537.5,256368,63
29091,MO,Howell County,"Howell County, MO",64100,0,1406.4,218748,446
29093,MO,Iron County,"Iron County, MO",77600,0,1211.0,160032,96
29095,MO,Jackson County,"Jackson County, MO",111400,1,1715.3,278401,10214
29097,MO,Jasper County,"Jasper County, MO",77000,1,1496.8,206742,1865
29099,MO,Jefferson County,"Jefferson County, MO",111400,1,1907.2,295706,2767
29101,MO,Johnson County,"Johnson County, MO",91700,0,1734.7,289140,779
29103,MO,Knox County,"Knox County, MO",75300,0,953.4,150525,38
29105,MO,Laclede County,"Laclede County, MO",68100,0,1512.7,235802,408
29107,MO,Lafayette County,"Lafayette County, MO",111400,1,1662.5,247273,392
29109,MO,Lawrence County,"Lawrence County, MO",77100,0,1571.5,211386,488
29111,MO,Lewis County,"Lewis County, MO",82400,0,1165.8,153536,76
29113,MO,Lincoln County,"Lincoln County, MO",111400,1,2117.2,313495,746
29115,MO,Linn County,"Linn County, MO",79800,0,1009.1,150290,76
29117,MO,Livingston County,"Livingston County, MO",84500,0,1229.9,164258,89
29121,MO,Macon County,"Macon County, MO",80000,0,1161.1,177856,100
29123,MO,Madison County,"Madison County, MO",77600,0,1219.1,152890,127
29125,MO,Maries County,"Maries County, MO",82500,0,1416.4,216346,56
29127,MO,Marion County,"Marion County, MO",83600,0,1232.3,198730,327
29119,MO,McDonald County,"McDonald County, MO",59000,0,1663.4,222771,151
29129,MO,Mercer County,"Mercer County, MO",76400,0,1008.8,137870,20
29131,MO,Miller County,"Miller County, MO",83800,0,1936.4,276602,338
29133,MO,Mississippi County,"Mississippi County, MO",57800,0,918.7,140205,61
29135,MO,Moniteau County,"Moniteau County, MO",92500,1,1438.8,225393,115
29137,MO,Monroe County,"Monroe County, MO",78600,0,1284.0,179875,65
29139,MO,Montgomery County,"Montgomery County, MO",80100,0,1353.5,216053,95
29141,MO,Morgan County,"Morgan County, MO",73900,0,2363.7,331008,418
29143,MO,New Madrid County,"New Madrid County, MO",68500,0,959.3,171140,89
29145,MO,Newton County,"Newton County, MO",77000,1,1464.0,252226,718
29147,MO,Nodaway County,"Nodaway County, MO",87100,0,1306.9,196299,194
29149,MO,Oregon County,"Oregon County, MO",59300,0,1273.3,157176,89
29151,MO,Osage County,"Osage County, MO",113000,1,1478.5,258940,78
29153,MO,Ozark County,"Ozark County, MO",59900,0,1752.7,263263,82
29155,MO,Pemiscot County,"Pemiscot County, MO",54400,0,592.2,91393,55
29157,MO,Perry County,"Perry County, MO",87900,0,1486.5,241672,145
29159,MO,Pettis County,"Pettis County, MO",78800,0,1429.8,204087,479
29161,MO,Phelps County,"Phelps County, MO",77500,0,1430.0,242825,495
29163,MO,Pike County,"Pike County, MO",87100,0,1285.1,182923,133
29165,MO,Platte County,"Platte County, MO",111400,1,1971.0,407912,1668
29167,MO,Polk County,"Polk County, MO",76400,1,1720.7,249069,367
29169,MO,Pulaski County,"Pulaski County, MO",89100,0,1306.7,246243,688
29171,MO,Putnam County,"Putnam County, MO",80600,0,1823.1,289361,67
29173,MO,Ralls County,"Ralls County, MO",88500,0,1539.5,219776,91
29175,MO,Randolph County,"Randolph County, MO",77300,0,1438.5,192846,296
29177,MO,Ray County,"Ray County, MO",111400,1,1682.6,261381,273
29179,MO,Reynolds County,"Reynolds County, MO",61300,0,1563.1,224026,28
29181,MO,Ripley County,"Ripley County, MO",67100,0,1141.3,175086,89
29195,MO,Saline County,"Saline County, MO",85500,0,1293.0,166406,198
29197,MO,Schuyler County,"Schuyler County, MO",70100,0,1412.2,263945,11
29199,MO,Scotland County,"Scotland County, MO",83800,0,1493.9,185500,3
29201,MO,Scott County,"Scott County, MO",78700,0,1170.4,175369,304
29203,MO,Shannon County,"Shannon County, MO",72500,0,1463.4,227541,32
29205,MO,Shelby County,"Shelby County, MO",71200,0,1055.4,154218,23
29183,MO,St. Charles County,"St. Charles County, MO",111400,1,1930.4,364886,5485
29185,MO,St. Clair County,"St. Clair County, MO",66800,0,1479.3,207909,68
29187,MO,St. Francois County,"St. Francois County, MO",74500,0,1468.5,206586,823
29510,MO,St. Louis city,"St. Louis City County, MO",111400,1,1686.7,238835,3595
29189,MO,St. Louis County,"St. Louis County, MO",111400,1,1830.8,284715,12821
29186,MO,Ste. Genevieve County,"Ste. Genevieve County, MO",92800,0,1576.4,234566,137
29207,MO,Stoddard County,"Stoddard County, MO",74600,0,1081.4,153874,239
29209,MO,Stone County,"Stone County, MO",77400,0,2236.2,368304,776
29211,MO,Sullivan County,"Sullivan County, MO",74600,0,867.9,122950,42
29213,MO,Taney County,"Taney County, MO",76000,0,1974.2,297918,1173
29215,MO,Texas County,"Texas County, MO",67100,0,1341.1,194746,239
29217,MO,Vernon County,"Vernon County, MO",77000,0,1188.4,172686,188
29219,MO,Warren County,"Warren County, MO",111400,1,2183.0,333134,574
29221,MO,Washington County,"Washington County, MO",71100,0,1530.9,221852,153
29223,MO,Wayne County,"Wayne County, MO",61600,0,1030.7,144642,76
29225,MO,Webster County,"Webster County, MO",91100,1,1758.2,285109,478
29227,MO,Worth County,"Worth County, MO",73500,0,873.9,106643,7
29229,MO,Wright County,"Wright County, MO",60800,0,1468.2,217184,201
28001,MS,Adams County,"Adams County, MS",55800,0,1127.6,198647,208
28003,MS,Alcorn County,"Alcorn County, MS",70900,0,1286.2,221983,212
28005,MS,Amite County,"Amite County, MS",51700,0,1365.7,226654,26
28007,MS,Attala County,"Attala County, MS",65100,0,704.9,124235,26
28009,MS,Benton County,"Benton County, MS",56800,1,1493.1,246682,34
28011,MS,Bolivar County,"Bolivar County, MS",51600,0,1038.0,184136,49
28013,MS,Calhoun County,"Calhoun County, MS",67400,0,945.9,150677,56
28015,MS,Carroll County,"Carroll County, MS",79200,0,1048.5,214058,24
28017,MS,Chickasaw County,"Chickasaw County, MS",56300,0,986.5,162379,58
28019,MS,Choctaw County,"Choctaw County, MS",63900,0,687.9,165000,1
28021,MS,Claiborne County,"Claiborne County, MS",40500,0,548.1,101200,6
28023,MS,Clarke County,"Clarke County, MS",60700,0,1159.6,230454,13
28025,MS,Clay County,"Clay County, MS",58600,0,1049.2,147554,7
28027,MS,Coahoma County,"Coahoma County, MS",47000,0,635.7,118164,65
28029,MS,Copiah County,"Copiah County, MS",89100,1,1189.7,173064,86
28033,MS,DeSoto County,"DeSoto County, MS",91100,1,1742.4,327029,2595
28037,MS,Franklin County,"Franklin County, MS",55700,0,936.0,127496,29
28039,MS,George County,"George County, MS",72900,0,1491.3,234670,248
28041,MS,Greene County,"Greene County, MS",76700,0,1289.6,215303,31
28043,MS,Grenada County,"Grenada County, MS",66600,0,986.8,140450,36
28045,MS,Hancock County,"Hancock County, MS",80600,1,1765.2,276200,762
28047,MS,Harrison County,"Harrison County, MS",80600,1,1582.5,256637,2994
28049,MS,Hinds County,"Hinds County, MS",89100,1,1135.8,194418,1633
28051,MS,Holmes County,"Holmes County, MS",44900,1,752.0,146577,19
28053,MS,Humphreys County,"Humphreys County, MS",44700,0,751.7,113721,19
28057,MS,Itawamba County,"Itawamba County, MS",88300,0,1327.6,209933,132
28059,MS,Jackson County,"Jackson County, MS",97600,1,1534.0,242670,1816
28063,MS,Jefferson County,"Jefferson County, MS",49000,0,506.4,62544,12
28065,MS,Jefferson Davis County,"Jefferson Davis County, MS",58600,0,746.1,122953,34
28069,MS,Kemper County,"Kemper County, MS",52500,0,324.7,39100,1
28071,MS,Lafayette County,"Lafayette County, MS",92000,0,2768.3,465292,984
28075,MS,Lauderdale County,"Lauderdale County, MS",76300,0,553.4,95299,20
28077,MS,Lawrence County,"Lawrence County, MS",60300,0,956.4,167409,46
28079,MS,Leake County,"Leake County, MS",64100,0,1157.5,169074,43
28081,MS,Lee County,"Lee County, MS",95900,0,1512.6,246063,804
28083,MS,Leflore County,"Leflore County, MS",46300,0,628.3,98321,67
28085,MS,Lincoln County,"Lincoln County, MS",75800,0,1090.9,197431,142
28087,MS,Lowndes County,"Lowndes County, MS",79700,0,1388.8,229821,12
28089,MS,Madison County,"Madison County, MS",89100,1,1920.3,365062,1383
28091,MS,Marion County,"Marion County, MS",56300,0,1021.9,157070,146
28093,MS,Marshall County,"Marshall County, MS",69000,1,1831.9,300082,329
28095,MS,Monroe County,"Monroe County, MS",72600,0,1199.0,185564,203
28097,MS,Montgomery County,"Montgomery County, MS",56500,0,901.2,150500,10
28099,MS,Neshoba County,"Neshoba County, MS",64000,0,1832.5,251444,9
28101,MS,Newton County,"Newton County, MS",70300,0,902.6,168618,20
28103,MS,Noxubee County,"Noxubee County, MS",48800,0,262.6,60000,1
28105,MS,Oktibbeha County,"Oktibbeha County, MS",81800,0,1710.6,258929,24
28107,MS,Panola County,"Panola County, MS",67600,0,1405.6,220621,178
28109,MS,Pearl River County,"Pearl River County, MS",78300,0,1543.6,249410,305
28113,MS,Pike County,"Pike County, MS",53500,0,1046.1,173562,208
28115,MS,Pontotoc County,"Pontotoc County, MS",77000,0,1568.3,245167,152
28117,MS,Prentiss County,"Prentiss County, MS",70700,0,1152.5,159186,130
28119,MS,Quitman County,"Quitman County, MS",52000,0,871.2,160050,10
28121,MS,Rankin County,"Rankin County, MS",89100,1,1770.7,283485,1944
28123,MS,Scott County,"Scott County, MS",61600,1,1099.0,176419,52
28125,MS,Sharkey County,"Sharkey County, MS",59800,0,831.2,157000,3
28127,MS,Simpson County,"Simpson County, MS",70300,1,1186.8,192392,136
28129,MS,Smith County,"Smith County, MS",74100,0,1109.3,176600,37
28131,MS,Stone County,"Stone County, MS",81900,1,1557.0,223876,120
28133,MS,Sunflower County,"Sunflower County, MS",52700,0,639.9,106739,34
28135,MS,Tallahatchie County,"Tallahatchie County, MS",53300,0,1108.5,160567,15
28137,MS,Tate County,"Tate County, MS",77400,1,1651.3,276025,179
28139,MS,Tippah County,"Tippah County, MS",63800,0,1186.2,197272,53
28141,MS,Tishomingo County,"Tishomingo County, MS",77500,0,1467.9,211883,139
28143,MS,Tunica County,"Tunica County, MS",57400,1,1190.2,165464,14
28145,MS,Union County,"Union County, MS",78800,0,1591.8,245395,148
28147,MS,Walthall County,"Walthall County, MS",69500,0,1112.7,193043,42
28149,MS,Warren County,"Warren County, MS",83600,0,1173.3,202649,193
28151,MS,Washington County,"Washington County, MS",54600,0,838.5,133146,184
28153,MS,Wayne County,"Wayne County, MS",63200,0,1038.2,208315,48
28155,MS,Webster County,"Webster County, MS",79200,0,619.5,77094,4
28157,MS,Wilkinson County,"Wilkinson County, MS",53000,0,1583.1,175222,9
28159,MS,Winston County,"Winston County, MS",62400,0,580.1,71667,3
28161,MS,Yalobusha County,"Yalobusha County, MS",66900,0,1361.9,203448,66
28163,MS,Yazoo County,"Yazoo County, MS",58900,1,904.6,165443,61
30001,MT,Beaverhead County,"Beaverhead County, MT",83300,0,2261.8,408500,101
30003,MT,Big Horn County,"Big Horn County, MT",69400,0,2082.5,258370,40
30005,MT,Blaine County,"Blaine County, MT",86100,0,1459.7,195333,3
30007,MT,Broadwater County,"Broadwater County, MT",87000,1,3108.6,516223,116
30009,MT,Carbon County,"Carbon County, MT",97100,1,3583.6,560088,156
30011,MT,Carter County,"Carter County, MT",68600,0,1500.0,199000,1
30013,MT,Cascade County,"Cascade County, MT",90800,1,2045.6,351251,962
30015,MT,Chouteau County,"Chouteau County, MT",89400,0,2297.0,381214,21
30017,MT,Custer County,"Custer County, MT",97200,0,1673.3,282980,5
30019,MT,Daniels County,"Daniels County, MT",92200,0,1345.5,225000,1
30021,MT,Dawson County,"Dawson County, MT",91600,0,1235.6,201429,7
30023,MT,Deer Lodge County,"Deer Lodge County, MT",75800,0,2050.6,282930,105
30025,MT,Fallon County,"Fallon County, MT",127000,0,1046.1,205722,18
30027,MT,Fergus County,"Fergus County, MT",90300,0,3055.4,438227,11
30029,MT,Flathead County,"Flathead County, MT",102600,0,3914.9,661176,1639
30031,MT,Gallatin County,"Gallatin County, MT",120700,1,3993.1,717255,1726
30033,MT,Garfield County,"Garfield County, MT",89700,0,2068.4,235000,3
30035,MT,Glacier County,"Glacier County, MT",60300,0,1241.2,180649,37
30037,MT,Golden Valley County,"Golden Valley County, MT",73800,0,1218.8,277333,6
30039,MT,Granite County,"Granite County, MT",78400,0,3635.1,639309,44
30041,MT,Hill County,"Hill County, MT",82200,0,1331.0,259591,22
30043,MT,Jefferson County,"Jefferson County, MT",105400,1,2695.0,553022,138
30045,MT,Judith Basin County,"Judith Basin County, MT",89100,0,2543.6,435167,12
30047,MT,Lake County,"Lake County, MT",82900,0,3427.9,603476,297
30049,MT,Lewis and Clark County,"Lewis & Clark County, MT",107000,1,2858.6,477967,911
30051,MT,Liberty County,"Liberty County, MT",65700,0,1268.1,241450,10
30053,MT,Lincoln County,"Lincoln County, MT",66300,0,2911.0,455010,273
30057,MT,Madison County,"Madison County, MT",86400,0,5671.1,760448,232
30055,MT,McCone County,"McCone County, MT",96000,0,1032.5,228000,2
30059,MT,Meagher County,"Meagher County, MT",80400,0,3636.2,599270,20
30061,MT,Mineral County,"Mineral County, MT",76500,1,3207.0,479229,58
30063,MT,Missoula County,"Missoula County, MT",106100,1,3491.8,579229,1276
30065,MT,Musselshell County,"Musselshell County, MT",72400,0,1926.5,372711,57
30067,MT,Park County,"Park County, MT",100600,0,3704.9,612014,218
30069,MT,Petroleum County,"Petroleum County, MT",92200,0,828.9,293450,2
30073,MT,Pondera County,"Pondera County, MT",79900,0,1553.6,237766,50
30075,MT,Powder River County,"Powder River County, MT",92700,0,1209.6,187000,1
30077,MT,Powell County,"Powell County, MT",76500,0,2310.0,345996,52
30079,MT,Prairie County,"Prairie County, MT",76500,0,568.6,189000,1
30081,MT,Ravalli County,"Ravalli County, MT",93200,0,3623.3,612901,574
30083,MT,Richland County,"Richland County, MT",94400,0,1432.4,203073,13
30085,MT,Roosevelt County,"Roosevelt County, MT",70200,0,1144.1,206718,11
30087,MT,Rosebud County,"Rosebud County, MT",72100,0,1253.6,252708,13
30089,MT,Sanders County,"Sanders County, MT",70600,0,2865.8,504510,143
30091,MT,Sheridan County,"Sheridan County, MT",98500,0,1072.2,210433,18
30093,MT,Silver Bow County,"Silver Bow County, MT",84600,0,2027.4,305823,445
30095,MT,Stillwater County,"Stillwater County, MT",109900,1,2634.8,474289,113
30097,MT,Sweet Grass County,"Sweet Grass County, MT",95400,0,4158.5,682258,33
30099,MT,Teton County,"Teton County, MT",89500,0,2178.9,372810,55
30101,MT,Toole County,"Toole County, MT",85100,0,1303.1,183710,44
30103,MT,Treasure County,"Treasure County, MT",88200,0,6443.7,1299500,2
30105,MT,Valley County,"Valley County, MT",95000,0,1342.1,212343,7
30107,MT,Wheatland County,"Wheatland County, MT",65100,0,1877.9,190138,8
30111,MT,Yellowstone County,"Yellowstone County, MT",97100,1,2050.4,393949,2204
37001,NC,Alamance County,"Alamance County, NC",88200,1,1898.4,332043,2419
37003,NC,Alexander County,"Alexander County, NC",77600,1,2082.6,311824,286
37005,NC,Alleghany County,"Alleghany County, NC",63700,0,2377.4,343503,151
37007,NC,Anson County,"Anson County, NC",65000,1,1455.9,192798,157
37009,NC,Ashe County,"Ashe County, NC",70300,0,2693.2,409547,401
37011,NC,Avery County,"Avery County, NC",84000,0,3458.0,471850,467
37013,NC,Beaufort County,"Beaufort County, NC",78200,0,1881.7,311557,466
37015,NC,Bertie County,"Bertie County, NC",66600,0,948.5,152200,75
37017,NC,Bladen County,"Bladen County, NC",67300,0,1664.0,224248,120
37019,NC,Brunswick County,"Brunswick County, NC",95000,1,2276.2,387603,6486
37021,NC,Buncombe County,"Buncombe County, NC",93100,1,3045.0,481178,3469
37023,NC,Burke County,"Burke County, NC",77600,1,1963.0,273824,764
37025,NC,Cabarrus County,"Cabarrus County, NC",112200,1,2172.3,385276,2951
37027,NC,Caldwell County,"Caldwell County, NC",77600,1,1874.0,283001,831
37029,NC,Camden County,"Camden County, NC",104400,1,2287.0,428990,257
37031,NC,Carteret County,"Carteret County, NC",102000,0,2962.4,484458,1447
37033,NC,Caswell County,"Caswell County, NC",78500,0,1754.9,260236,104
37035,NC,Catawba County,"Catawba County, NC",77600,1,1942.2,325436,2428
37037,NC,Chatham County,"Chatham County, NC",126200,1,2824.2,658499,1100
37039,NC,Cherokee County,"Cherokee County, NC",71200,0,2557.1,315103,631
37041,NC,Chowan County,"Chowan County, NC",76400,0,1873.8,298312,176
37043,NC,Clay County,"Clay County, NC",85500,0,2357.3,393733,202
37045,NC,Cleveland County,"Cleveland County, NC",76600,0,1769.0,271020,1061
37047,NC,Columbus County,"Columbus County, NC",66800,0,1556.0,243272,252
37049,NC,Craven County,"Craven County, NC",88300,0,1881.9,316596,1805
37051,NC,Cumberland County,"Cumberland County, NC",79000,1,1632.0,260073,4330
37053,NC,Currituck County,"Currituck County, NC",106500,1,2725.7,543304,893
37055,NC,Dare County,"Dare County, NC",110600,0,3903.5,609994,1205
37057,NC,Davidson County,"Davidson County, NC",80300,1,1826.2,306934,2316
37059,NC,Davie County,"Davie County, NC",86700,1,1850.1,346530,595
37061,NC,Duplin County,"Duplin County, NC",73700,0,1745.7,276877,269
37063,NC,Durham County,"Durham County, NC",126200,1,2407.0,417078,4280
37065,NC,Edgecombe County,"Edgecombe County, NC",79100,1,1223.9,167433,315
37067,NC,Forsyth County,"Forsyth County, NC",86700,1,1852.8,316892,5025
37069,NC,Franklin County,"Franklin County, NC",132700,1,2120.3,400978,1320
37071,NC,Gaston County,"Gaston County, NC",112200,1,2052.5,322195,3410
37073,NC,Gates County,"Gates County, NC",82800,1,1837.3,300952,48
37075,NC,Graham County,"Graham County, NC",68800,0,2810.6,336644,74
37077,NC,Granville County,"Granville County, NC",91100,0,2199.5,343563,574
37079,NC,Greene County,"Greene County, NC",62100,0,1623.0,232837,81
37081,NC,Guilford County,"Guilford County, NC",85600,1,1890.0,313335,5895
37083,NC,Halifax County,"Halifax County, NC",62700,0,1389.5,190849,253
37085,NC,Harnett County,"Harnett County, NC",92600,0,1772.6,335230,3226
37087,NC,Haywood County,"Haywood County, NC",88500,0,2694.0,387403,1091
37089,NC,Henderson County,"Henderson County, NC",93100,1,2564.6,440975,1958
37091,NC,Hertford County,"Hertford County, NC",69500,0,1027.7,168184,78
37093,NC,Hoke County,"Hoke County, NC",78900,1,1674.2,316152,1127
37095,NC,Hyde County,"Hyde County, NC",58300,0,3442.1,417730,51
37097,NC,Iredell County,"Iredell County, NC",109400,1,2080.8,396394,3237
37099,NC,Jackson County,"Jackson County, NC",80800,0,3293.9,577759,637
37101,NC,Johnston County,"Johnston County, NC",132700,1,2015.6,359668,4048
37103,NC,Jones County,"Jones County, NC",75300,0,1965.3,269192,79
37105,NC,Lee County,"Lee County, NC",73900,0,1812.3,322022,946
37107,NC,Lenoir County,"Lenoir County, NC",68300,0,1400.4,225853,422
37109,NC,Lincoln County,"Lincoln County, NC",99000,1,2222.2,425004,1459
37113,NC,Macon County,"Macon County, NC",77000,0,2688.6,392987,742
37115,NC,Madison County,"Madison County, NC",93100,1,2752.8,418300,232
37117,NC,Martin County,"Martin County, NC",69200,0,1082.1,143201,137
37111,NC,McDowell County,"McDowell County, NC",74100,0,2073.0,294094,437
37119,NC,Mecklenburg County,"Mecklenburg County, NC",112200,1,2551.6,455283,15386
37121,NC,Mitchell County,"Mitchell County, NC",78100,0,2230.8,325425,146
37123,NC,Montgomery County,"Montgomery County, NC",69100,0,2375.3,265203,295
37125,NC,Moore County,"Moore County, NC",109000,1,2229.6,448544,2192
37127,NC,Nash County,"Nash County, NC",79100,1,1693.7,298537,1137
37129,NC,New Hanover County,"New Hanover County, NC",110900,1,2789.3,470453,4129
37131,NC,Northampton County,"Northampton County, NC",68600,0,1531.0,221870,108
37133,NC,Onslow County,"Onslow County, NC",80800,1,1905.3,308800,4440
37135,NC,Orange County,"Orange County, NC",126200,1,2841.7,516509,1456
37137,NC,Pamlico County,"Pamlico County, NC",92500,0,2531.1,418336,191
37139,NC,Pasquotank County,"Pasquotank County, NC",85000,0,1961.8,312996,736
37141,NC,Pender County,"Pender County, NC",101400,1,2384.0,468931,1446
37143,NC,Perquimans County,"Perquimans County, NC",85200,0,1886.5,330490,165
37145,NC,Person County,"Person County, NC",85300,1,2078.4,314085,327
37147,NC,Pitt County,"Pitt County, NC",82100,1,1683.5,280674,2188
37149,NC,Polk County,"Polk County, NC",86700,0,2586.1,451099,304
37151,NC,Randolph County,"Randolph County, NC",85600,1,1926.2,286322,1328
37153,NC,Richmond County,"Richmond County, NC",63200,0,1325.3,186900,247
37155,NC,Robeson County,"Robeson County, NC",53500,0,1419.9,233901,471
37157,NC,Rockingham County,"Rockingham County, NC",83300,1,1685.4,253415,1025
37159,NC,Rowan County,"Rowan County, NC",89800,1,2001.3,301101,1920
37161,NC,Rutherford County,"Rutherford County, NC",66300,0,1916.5,299277,684
37163,NC,Sampson County,"Sampson County, NC",72500,0,1676.3,271117,322
37165,NC,Scotland County,"Scotland County, NC",56200,0,1212.4,179617,209
37167,NC,Stanly County,"Stanly County, NC",88600,0,1962.9,319075,833
37169,NC,Stokes County,"Stokes County, NC",86700,1,1867.9,308574,425
37171,NC,Surry County,"Surry County, NC",75400,0,1831.9,256886,491
37173,NC,Swain County,"Swain County, NC",82200,0,2784.2,376636,171
37175,NC,Transylvania County,"Transylvania County, NC",88300,0,3111.9,544927,548
37177,NC,Tyrrell County,"Tyrrell County, NC",67000,0,1621.3,212047,18
37179,NC,Union County,"Union County, NC",112200,1,2296.1,480220,3884
37181,NC,Vance County,"Vance County, NC",61800,0,1506.3,230596,235
37183,NC,Wake County,"Wake County, NC",132700,1,2390.5,476296,16853
37185,NC,Warren County,"Warren County, NC",58600,0,2542.6,432435,181
37187,NC,Washington County,"Washington County, NC",68800,0,836.6,101639,74
37189,NC,Watauga County,"Watauga County, NC",94300,0,3522.4,582106,947
37191,NC,Wayne County,"Wayne County, NC",72400,1,1724.9,273917,1262
37193,NC,Wilkes County,"Wilkes County, NC",65600,0,1980.8,268242,425
37195,NC,Wilson County,"Wilson County, NC",79300,0,1651.4,260835,825
37197,NC,Yadkin County,"Yadkin County, NC",86700,1,1886.9,281447,249
37199,NC,Yancey County,"Yancey County, NC",80300,0,2560.2,392181,213
38001,ND,Adams County,"Adams County, ND",111700,0,831.6,210647,19
38003,ND,Barnes County,"Barnes County, ND",102900,0,1188.5,214355,80
38005,ND,Benson County,"Benson County, ND",78800,0,1472.0,295800,5
38007,ND,Billings County,"Billings County, ND",115800,0,2612.2,599900,1
38009,ND,Bottineau County,"Bottineau County, ND",111500,0,1309.0,282763,35
38011,ND,Bowman County,"Bowman County, ND",106700,0,1102.0,217650,12
38013,ND,Burke County,"Burke County, ND",126600,0,916.2,182643,7
38015,ND,Burleigh County,"Burleigh County, ND",128200,1,1829.8,362884,1137
38019,ND,Cavalier County,"Cavalier County, ND",105300,0,1291.4,139644,18
38021,ND,Dickey County,"Dickey County, ND",98000,0,1062.7,140975,16
38023,ND,Divide County,"Divide County, ND",118600,0,712.4,163180,10
38025,ND,Dunn County,"Dunn County, ND",137900,0,1629.8,297581,16
38027,ND,Eddy County,"Eddy County, ND",90300,0,779.9,93750,2
38029,ND,Emmons County,"Emmons County, ND",98800,0,1060.9,178253,19
38031,ND,Foster County,"Foster County, ND",121900,0,1158.5,184650,16
38033,ND,Golden Valley County,"Golden Valley County, ND",108300,0,964.3,186596,12
38037,ND,Grant County,"Grant County, ND",89000,0,1511.4,333725,4
38039,ND,Griggs County,"Griggs County, ND",99900,0,1014.5,165267,9
38041,ND,Hettinger County,"Hettinger County, ND",104900,0,1075.2,195224,21
38043,ND,Kidder County,"Kidder County, ND",89200,0,2288.5,326082,11
38045,ND,LaMoure County,"LaMoure County, ND",105100,0,1119.9,171206,16
38047,ND,Logan County,"Logan County, ND",80400,0,576.3,124331,8
38049,ND,McHenry County,"McHenry County, ND",105000,1,980.6,200071,41
38051,ND,McIntosh County,"McIntosh County, ND",85800,0,978.5,144668,11
38053,ND,McKenzie County,"McKenzie County, ND",122700,0,2388.2,419406,101
38055,ND,McLean County,"McLean County, ND",112900,0,1192.5,212229,79
38057,ND,Mercer County,"Mercer County, ND",111100,0,1097.1,235968,73
38059,ND,Morton County,"Morton County, ND",128200,1,1733.5,325603,356
38061,ND,Mountrail County,"Mountrail County, ND",105700,0,1238.1,223846,35
38063,ND,Nelson County,"Nelson County, ND",105600,0,766.5,90600,4
38065,ND,Oliver County,"Oliver County, ND",128200,1,2973.4,476590,18
38067,ND,Pembina County,"Pembina County, ND",98000,0,1021.3,136919,37
38069,ND,Pierce County,"Pierce County, ND",102000,0,950.4,192131,18
38071,ND,Ramsey County,"Ramsey County, ND",100400,0,2220.4,281589,19
38073,ND,Ransom County,"Ransom County, ND",104000,0,1132.5,226000,38
38075,ND,Renville County,"Renville County, ND",93000,1,1301.8,215875,20
38077,ND,Richland County,"Richland County, ND",110100,0,1399.4,243191,140
38079,ND,Rolette County,"Rolette County, ND",70800,0,1891.4,165000,1
38081,ND,Sargent County,"Sargent County, ND",104800,0,915.5,140019,13
38083,ND,Sheridan County,"Sheridan County, ND",99900,0,638.0,117475,4
38085,ND,Sioux County,"Sioux County, ND",45900,0,5615.9,1200000,1
38089,ND,Stark County,"Stark County, ND",109300,0,1603.2,328679,419
38091,ND,Steele County,"Steele County, ND",111000,0,1228.6,187077,13
38093,ND,Stutsman County,"Stutsman County, ND",110900,0,1269.0,225502,143
38095,ND,Towner County,"Towner County, ND",97800,0,1554.3,286667,3
38097,ND,Traill County,"Traill County, ND",121900,0,1276.4,239774,72
38099,ND,Walsh County,"Walsh County, ND",94700,0,1265.1,179282,66
38101,ND,Ward County,"Ward County, ND",112300,1,1491.2,293729,831
38103,ND,Wells County,"Wells County, ND",91700,0,642.2,102857,7
38105,ND,Williams County,"Williams County, ND",113000,0,2024.8,358554,370
31001,NE,Adams County,"Adams County, NE",91500,0,1154.4,220886,341
31003,NE,Antelope County,"Antelope County, NE",83500,0,935.0,165581,13
31007,NE,Banner County,"Banner County, NE",92600,0,2771.8,360000,1
31011,NE,Boone County,"Boone County, NE",94300,0,966.5,224643,14
31013,NE,Box Butte County,"Box Butte County, NE",90700,0,1181.0,154243,18
31019,NE,Buffalo County,"Buffalo County, NE",104800,0,1493.7,316908,421
31021,NE,Burt County,"Burt County, NE",86100,0,1217.1,174433,75
31023,NE,Butler County,"Butler County, NE",109800,0,1077.4,206287,45
31025,NE,Cass County,"Cass County, NE",113700,1,1779.9,316663,354
31027,NE,Cedar County,"Cedar County, NE",103200,0,1265.3,209158,31
31031,NE,Cherry County,"Cherry County, NE",83800,0,1408.7,232632,19
31033,NE,Cheyenne County,"Cheyenne County, NE",84700,0,1451.2,177160,10
31035,NE,Clay County,"Clay County, NE",96300,0,1055.7,202349,46
31037,NE,Colfax County,"Colfax County, NE",86900,0,1276.1,219533,36
31039,NE,Cuming County,"Cuming County, NE",95500,0,1243.8,227409,63
31041,NE,Custer County,"Custer County, NE",88000,0,949.3,166977,13
31043,NE,Dakota County,"Dakota County, NE",90100,1,1624.4,287760,126
31045,NE,Dawes County,"Dawes County, NE",81700,0,1441.2,243166,9
31047,NE,Dawson County,"Dawson County, NE",83400,0,1175.3,192418,172
31049,NE,Deuel County,"Deuel County, NE",82400,0,585.2,51000,1
31051,NE,Dixon County,"Dixon County, NE",99200,0,1171.5,194130,23
31053,NE,Dodge County,"Dodge County, NE",97500,0,1591.2,229188,406
31055,NE,Douglas County,"Douglas County, NE",113700,1,1788.5,319564,7944
31059,NE,Fillmore County,"Fillmore County, NE",107900,0,1009.6,171594,52
31061,NE,Franklin County,"Franklin County, NE",83200,0,788.1,132675,18
31063,NE,Frontier County,"Frontier County, NE",87900,0,789.0,123040,13
31065,NE,Furnas County,"Furnas County, NE",82200,0,695.5,160486,10
31067,NE,Gage County,"Gage County, NE",95300,0,1178.5,195183,218
31073,NE,Gosper County,"Gosper County, NE",94300,0,2190.3,305056,18
31077,NE,Greeley County,"Greeley County, NE",91200,0,1211.8,639000,1
31079,NE,Hall County,"Hall County, NE",89100,1,1324.7,276155,534
31081,NE,Hamilton County,"Hamilton County, NE",110800,0,1285.0,274966,71
31083,NE,Harlan County,"Harlan County, NE",101300,0,1547.7,254158,3
31085,NE,Hayes County,"Hayes County, NE",88600,0,660.9,70000,1
31087,NE,Hitchcock County,"Hitchcock County, NE",74500,0,1165.9,172000,1
31089,NE,Holt County,"Holt County, NE",87500,0,1143.3,294000,1
31093,NE,Howard County,"Howard County, NE",97700,1,1265.3,277778,18
31095,NE,Jefferson County,"Jefferson County, NE",84600,0,940.8,144818,83
31097,NE,Johnson County,"Johnson County, NE",82600,0,1301.2,197000,34
31099,NE,Kearney County,"Kearney County, NE",106800,0,1277.7,226359,54
31101,NE,Keith County,"Keith County, NE",84100,0,1435.4,274152,11
31105,NE,Kimball County,"Kimball County, NE",76800,0,1456.1,165281,49
31107,NE,Knox County,"Knox County, NE",89900,0,1093.8,186430,25
31109,NE,Lancaster County,"Lancaster County, NE",107500,1,1803.2,313441,4282
31111,NE,Lincoln County,"Lincoln County, NE",88900,0,1526.3,218076,387
31113,NE,Logan County,"Logan County, NE",93400,0,798.4,113750,4
31115,NE,Loup County,"Loup County, NE",79700,0,3158.4,500000,1
31119,NE,Madison County,"Madison County, NE",92000,0,1438.6,264767,365
31121,NE,Merrick County,"Merrick County, NE",89800,1,1286.9,207962,44
31123,NE,Morrill County,"Morrill County, NE",89400,0,1100.0,133742,31
31125,NE,Nance County,"Nance County, NE",87700,0,908.3,177612,8
31127,NE,Nemaha County,"Nemaha County, NE",87500,0,1216.3,157885,32
31129,NE,Nuckolls County,"Nuckolls County, NE",91700,0,810.1,118798,26
31131,NE,Otoe County,"Otoe County, NE",115100,0,1618.3,270102,153
31133,NE,Pawnee County,"Pawnee County, NE",78200,0,862.2,140667,13
31137,NE,Phelps County,"Phelps County, NE",98500,0,1330.9,219326,30
31139,NE,Pierce County,"Pierce County, NE",92300,0,1063.2,154247,28
31141,NE,Platte County,"Platte County, NE",100100,0,1403.2,282380,341
31143,NE,Polk County,"Polk County, NE",100200,0,950.8,148659,41
31145,NE,Red Willow County,"Red Willow County, NE",96200,0,963.6,156658,8
31147,NE,Richardson County,"Richardson County, NE",85800,0,1073.1,161800,5
31149,NE,Rock County,"Rock County, NE",76900,0,667.8,135000,1
31151,NE,Saline County,"Saline County, NE",96100,0,1353.8,216059,120
31153,NE,Sarpy County,"Sarpy County, NE",113700,1,1849.8,369031,3265
31155,NE,Saunders County,"Saunders County, NE",118200,1,1891.3,315964,236
31157,NE,Scotts Bluff County,"Scotts Bluff County, NE",89100,0,1911.2,216377,310
31159,NE,Seward County,"Seward County, NE",114200,1,1633.6,279475,171
31163,NE,Sherman County,"Sherman County, NE",75800,0,1226.3,225143,7
31165,NE,Sioux County,"Sioux County, NE",71000,0,1737.9,232500,1
31167,NE,Stanton County,"Stanton County, NE",100600,0,1536.7,208999,35
31169,NE,Thayer County,"Thayer County, NE",87800,0,977.3,149333,12
31173,NE,Thurston County,"Thurston County, NE",76400,0,881.0,171531,8
31175,NE,Valley County,"Valley County, NE",90900,0,927.9,125000,1
31177,NE,Washington County,"Washington County, NE",113700,1,1826.8,349757,221
31179,NE,Wayne County,"Wayne County, NE",89500,0,1165.8,173996,5
31181,NE,Webster County,"Webster County, NE",84500,0,697.9,139479,15
31185,NE,York County,"York County, NE",95600,0,1361.6,202357,128
33001,NH,Belknap County,"Belknap County, NH",120300,0,3298.5,506670,1037
33003,NH,Carroll County,"Carroll County, NH",106200,0,3140.7,501627,1102
33005,NH,Cheshire County,"Cheshire County, NH",107000,0,2497.3,389928,870
33007,NH,Coos County,"Coos County, NH",88800,0,1763.7,241075,487
33009,NH,Grafton County,"Grafton County, NH",108100,0,2999.0,446144,1292
33011,NH,Hillsborough County,"Hillsborough County, NH",122800,1,3017.5,517449,4810
33013,NH,Merrimack County,"Merrimack County, NH",123900,0,2922.5,481175,1879
33015,NH,Rockingham County,"Rockingham County, NH",141300,1,3504.1,623402,4286
33017,NH,Strafford County,"Strafford County, NH",140500,1,3165.9,496470,1410
33019,NH,Sullivan County,"Sullivan County, NH",104600,0,2411.4,377906,509
34001,NJ,Atlantic County,"Atlantic County, NJ",98300,1,2537.0,384907,3300
34003,NJ,Bergen County,"Bergen County, NJ",137100,1,4685.6,768449,7202
34005,NJ,Burlington County,"Burlington County, NJ",119400,1,2578.3,395830,5378
34007,NJ,Camden County,"Camden County, NJ",119400,1,2387.1,358824,5513
34009,NJ,Cape May County,"Cape May County, NJ",124600,1,6198.7,750995,2711
34011,NJ,Cumberland County,"Cumberland County, NJ",86500,1,2059.3,269781,1340
34013,NJ,Essex County,"Essex County, NJ",135300,1,4045.9,694602,5314
34015,NJ,Gloucester County,"Gloucester County, NJ",119400,1,2325.3,371092,3422
34017,NJ,Hudson County,"Hudson County, NJ",107500,1,5318.7,705422,4210
34019,NJ,Hunterdon County,"Hunterdon County, NJ",153400,1,3202.0,599420,1336
34021,NJ,Mercer County,"Mercer County, NJ",126900,1,3041.3,461195,3301
34023,NJ,Middlesex County,"Middlesex County, NJ",153400,1,3744.5,544548,6679
34025,NJ,Monmouth County,"Monmouth County, NJ",136800,1,4057.2,715438,7141
34027,NJ,Morris County,"Morris County, NJ",135300,1,3924.1,690467,4806
34029,NJ,Ocean County,"Ocean County, NJ",136800,1,3205.5,481028,9563
34031,NJ,Passaic County,"Passaic County, NJ",137100,1,3847.8,602415,3093
34033,NJ,Salem County,"Salem County, NJ",119400,1,1961.8,266848,798
34035,NJ,Somerset County,"Somerset County, NJ",153400,1,3835.0,631790,3259
34037,NJ,Sussex County,"Sussex County, NJ",135300,1,3021.9,430793,1981
34039,NJ,Union County,"Union County, NJ",135300,1,4534.7,665627,3813
34041,NJ,Warren County,"Warren County, NJ",133700,1,2654.0,402407,1278
35003,NM,Catron County,"Catron County, NM",66100,0,2621.1,314042,24
35005,NM,Chaves County,"Chaves County, NM",65900,0,1525.7,232415,581
35006,NM,Cibola County,"Cibola County, NM",69300,0,1260.9,202308,63
35007,NM,Colfax County,"Colfax County, NM",70300,0,2863.3,417673,202
35009,NM,Curry County,"Curry County, NM",73500,0,1430.4,224154,596
35011,NM,De Baca County,"De Baca County, NM",88500,0,858.7,118000,8
35013,NM,Dona Ana County,"Dona Ana County, NM",70700,1,1981.8,324124,2054
35015,NM,Eddy County,"Eddy County, NM",105300,0,1955.0,317070,644
35017,NM,Grant County,"Grant County, NM",80400,0,1827.0,278007,196
35019,NM,Guadalupe County,"Guadalupe County, NM",59500,0,1791.3,447500,6
35023,NM,Hidalgo County,"Hidalgo County, NM",70900,0,789.1,111405,17
35025,NM,Lea County,"Lea County, NM",79900,0,1628.3,270070,531
35027,NM,Lincoln County,"Lincoln County, NM",75400,0,2640.7,431227,365
35028,NM,Los Alamos County,"Los Alamos County, NM",179000,0,3250.6,583101,297
35029,NM,Luna County,"Luna County, NM",55300,0,1424.1,212666,140
35031,NM,McKinley County,"McKinley County, NM",46000,0,1587.5,250066,110
35033,NM,Mora County,"Mora County, NM",57500,0,2693.2,402167,6
35035,NM,Otero County,"Otero County, NM",61000,0,1707.5,264669,769
35037,NM,Quay County,"Quay County, NM",55400,0,1013.8,163385,26
35039,NM,Rio Arriba County,"Rio Arriba County, NM",74900,0,2181.9,389916,115
35041,NM,Roosevelt County,"Roosevelt County, NM",72100,0,1224.4,194759,143
35045,NM,San Juan County,"San Juan County, NM",75600,1,1982.0,325151,640
35047,NM,San Miguel County,"San Miguel County, NM",68800,0,1759.9,275352,118
35049,NM,Santa Fe County,"Santa Fe County, NM",99500,1,3746.8,623064,2068
35051,NM,Sierra County,"Sierra County, NM",62000,0,1630.0,236820,102
35053,NM,Socorro County,"Socorro County, NM",63800,0,1446.7,217516,62
35055,NM,Taos County,"Taos County, NM",84400,0,3683.9,542089,381
35059,NM,Union County,"Union County, NM",66600,0,933.2,112136,11
32510,NV,Carson City,"Carson City, NV",92700,1,3273.5,506220,627
32001,NV,Churchill County,"Churchill County, NV",101900,0,2635.8,385928,274
32003,NV,Clark County,"Clark County, NV",94900,1,2725.6,445317,29069
32005,NV,Douglas County,"Douglas County, NV",108800,0,3986.4,686381,993
32007,NV,Elko County,"Elko County, NV",110300,0,2323.8,390905,561
32009,NV,Esmeralda County,"Esmeralda County, NV",105900,0,1991.8,224500,2
32011,NV,Eureka County,"Eureka County, NV",80500,0,1381.7,266000,2
32013,NV,Humboldt County,"Humboldt County, NV",97500,0,2650.3,415940,162
32015,NV,Lander County,"Lander County, NV",107600,0,1969.5,269765,29
32017,NV,Lincoln County,"Lincoln County, NV",95300,0,2209.0,347180,25
32019,NV,Lyon County,"Lyon County, NV",94600,1,2740.6,424610,915
32021,NV,Mineral County,"Mineral County, NV",64100,0,1345.2,183512,43
32023,NV,Nye County,"Nye County, NV",73000,0,2228.9,378176,602
32027,NV,Pershing County,"Pershing County, NV",102800,0,2073.4,263750,14
32029,NV,Storey County,"Storey County, NV",111800,1,3270.1,632230,47
32031,NV,Washoe County,"Washoe County, NV",111800,1,3465.9,570989,6250
32033,NV,White Pine County,"White Pine County, NV",104100,0,1564.6,209527,91
36001,NY,Albany County,"Albany County, NY",116100,1,2247.5,334957,2769
36003,NY,Allegany County,"Allegany County, NY",86400,0,1043.2,161102,315
36005,NY,Bronx County,"Bronx County, NY",103000,1,4028.3,637687,2051
36007,NY,Broome County,"Broome County, NY",94500,1,1257.0,194569,1710
36009,NY,Cattaraugus County,"Cattaraugus County, NY",77200,0,1236.4,182322,614
36011,NY,Cayuga County,"Cayuga County, NY",83500,0,1480.3,228170,556
36013,NY,Chautauqua County,"Chautauqua County, NY",82700,0,1237.3,167202,1147
36015,NY,Chemung County,"Chemung County, NY",81900,1,1115.8,157261,782
36017,NY,Chenango County,"Chenango County, NY",83100,0,1154.2,176181,302
36019,NY,Clinton County,"Clinton County, NY",94300,0,1563.5,236115,539
36021,NY,Columbia County,"Columbia County, NY",113100,0,3003.2,518794,687
36023,NY,Cortland County,"Cortland County, NY",92200,0,1415.9,206764,315
36025,NY,Delaware County,"Delaware County, NY",82600,0,1827.5,283740,448
36027,NY,Dutchess County,"Dutchess County, NY",123000,1,2787.8,484379,2427
36029,NY,Erie County,"Erie County, NY",101000,1,2045.7,283992,8498
36031,NY,Essex County,"Essex County, NY",91900,0,2383.9,330304,457
36033,NY,Franklin County,"Franklin County, NY",82100,0,1473.2,220362,321
36035,NY,Fulton County,"Fulton County, NY",79100,0,1477.4,207046,505
36037,NY,Genesee County,"Genesee County, NY",96900,0,1543.1,218901,378
36039,NY,Greene County,"Greene County, NY",104300,0,2517.1,398907,547
36041,NY,Hamilton County,"Hamilton County, NY",94300,0,2619.2,335330,104
36043,NY,Herkimer County,"Herkimer County, NY",89000,1,1282.4,186843,455
36045,NY,Jefferson County,"Jefferson County, NY",83400,1,1484.1,235445,1071
36047,NY,Kings County,"Kings County, NY",103000,1,7982.6,1046206,6822
36049,NY,Lewis County,"Lewis County, NY",84400,0,1297.7,195186,175
36051,NY,Livingston County,"Livingston County, NY",103900,1,1520.6,249789,403
36053,NY,Madison County,"Madison County, NY",104100,1,1819.3,271028,568
36055,NY,Monroe County,"Monroe County, NY",103900,1,1908.6,271710,7296
36057,NY,Montgomery County,"Montgomery County, NY",92900,0,1290.4,189745,415
36059,NY,Nassau County,"Nassau County, NY",164900,1,5438.7,822883,10032
36061,NY,New York County,"New York County, NY",103000,1,15358.1,1315773,9399
36063,NY,Niagara County,"Niagara County, NY",101000,1,1707.6,238313,1866
36065,NY,Oneida County,"Oneida County, NY",89000,1,1662.9,228621,1707
36067,NY,Onondaga County,"Onondaga County, NY",104100,1,1871.3,270086,4277
36069,NY,Ontario County,"Ontario County, NY",103900,1,2031.3,321956,958
36071,NY,Orange County,"Orange County, NY",123000,1,2741.7,453251,2990
36073,NY,Orleans County,"Orleans County, NY",103900,1,1324.0,195845,288
36075,NY,Oswego County,"Oswego County, NY",104100,1,1478.0,215549,892
36077,NY,Otsego County,"Otsego County, NY",91200,0,1485.2,235135,446
36079,NY,Putnam County,"Putnam County, NY",103000,1,3233.4,563860,1019
36081,NY,Queens County,"Queens County, NY",103000,1,5924.7,758719,8974
36083,NY,Rensselaer County,"Rensselaer County, NY",116100,1,2028.2,293081,1519
36085,NY,Richmond County,"Richmond County, NY",103000,1,4827.3,734016,3527
36087,NY,Rockland County,"Rockland County, NY",128700,1,3907.5,718641,2358
36091,NY,Saratoga County,"Saratoga County, NY",116100,1,2815.9,473307,2648
36093,NY,Schenectady County,"Schenectady County, NY",116100,1,2085.6,297404,1742
36095,NY,Schoharie County,"Schoharie County, NY",116100,1,1749.7,266679,311
36097,NY,Schuyler County,"Schuyler County, NY",91700,0,1658.5,286737,138
36099,NY,Seneca County,"Seneca County, NY",93900,0,1470.2,214763,249
36089,NY,St. Lawrence County,"St. Lawrence County, NY",89100,0,1005.0,144564,691
36101,NY,Steuben County,"Steuben County, NY",91300,0,1159.1,180650,772
36103,NY,Suffolk County,"Suffolk County, NY",164900,1,4290.7,679408,12863
36105,NY,Sullivan County,"Sullivan County, NY",105700,0,2249.3,355839,810
36107,NY,Tioga County,"Tioga County, NY",94500,1,1272.7,212013,351
36109,NY,Tompkins County,"Tompkins County, NY",122100,1,2181.1,379695,683
36111,NY,Ulster County,"Ulster County, NY",119800,1,2828.0,454165,1702
36113,NY,Warren County,"Warren County, NY",100000,1,2461.2,343003,793
36115,NY,Washington County,"Washington County, NY",100000,1,1778.1,251219,580
36117,NY,Wayne County,"Wayne County, NY",103900,1,1648.9,247308,796
36119,NY,Westchester County,"Westchester County, NY",170000,1,4415.5,807713,7284
36121,NY,Wyoming County,"Wyoming County, NY",91800,0,1460.4,215295,288
36123,NY,Yates County,"Yates County, NY",88800,0,2394.5,325356,206
39001,OH,Adams County,"Adams County, OH",70700,0,1546.2,209444,206
39003,OH,Allen County,"Allen County, OH",92800,1,1442.8,207451,1039
39005,OH,Ashland County,"Ashland County, OH",88500,0,1700.5,238364,514
39007,OH,Ashtabula County,"Ashtabula County, OH",76700,1,1459.0,180813,942
39009,OH,Athens County,"Athens County, OH",89400,0,1547.7,242067,389
39011,OH,Auglaize County,"Auglaize County, OH",102300,0,1632.9,223046,408
39013,OH,Belmont County,"Belmont County, OH",82100,1,1305.9,163306,489
39015,OH,Brown County,"Brown County, OH",88500,1,1733.8,256135,477
39017,OH,Butler County,"Butler County, OH",111800,1,1846.0,308897,4046
39019,OH,Carroll County,"Carroll County, OH",86500,1,1676.7,246219,234
39021,OH,Champaign County,"Champaign County, OH",93600,0,1743.1,248157,410
39023,OH,Clark County,"Clark County, OH",86500,1,1615.9,210321,1698
39025,OH,Clermont County,"Clermont County, OH",111800,1,2018.3,325203,2507
39027,OH,Clinton County,"Clinton County, OH",89800,0,1739.6,244137,498
39029,OH,Columbiana County,"Columbiana County, OH",77000,0,1429.0,176696,856
39031,OH,Coshocton County,"Coshocton County, OH",75000,0,1316.2,178081,323
39033,OH,Crawford County,"Crawford County, OH",73700,0,1239.7,162199,414
39035,OH,Cuyahoga County,"Cuyahoga County, OH",99400,1,1635.8,221273,15130
39037,OH,Darke County,"Darke County, OH",87900,0,1386.2,192146,501
39039,OH,Defiance County,"Defiance County, OH",94300,0,1379.1,180403,370
39041,OH,Delaware County,"Delaware County, OH",109000,1,2254.5,519117,3214
39043,OH,Erie County,"Erie County, OH",95500,1,1651.1,237466,805
39045,OH,Fairfield County,"Fairfield County, OH",109000,1,1967.0,352344,2150
39047,OH,Fayette County,"Fayette County, OH",79900,0,1669.5,232962,340
39049,OH,Franklin County,"Franklin County, OH",109000,1,2098.3,325968,15497
39051,OH,Fulton County,"Fulton County, OH",95200,1,1603.5,217731,364
39053,OH,Gallia County,"Gallia County, OH",75500,0,1334.7,194877,146
39055,OH,Geauga County,"Geauga County, OH",99400,1,2072.7,398257,958
39057,OH,Greene County,"Greene County, OH",93800,1,1783.6,299675,2186
39059,OH,Guernsey County,"Guernsey County, OH",75000,0,1362.7,176445,353
39061,OH,Hamilton County,"Hamilton County, OH",111800,1,1894.7,283440,9247
39063,OH,Hancock County,"Hancock County, OH",94000,0,1628.9,243035,831
39065,OH,Hardin County,"Hardin County, OH",85100,0,1170.1,170232,254
39067,OH,Harrison County,"Harrison County, OH",77900,0,1109.7,140785,106
39069,OH,Henry County,"Henry County, OH",97000,0,1309.4,185031,271
39071,OH,Highland County,"Highland County, OH",78300,0,1594.3,208133,361
39073,OH,Hocking County,"Hocking County, OH",81300,1,2230.6,328046,316
39075,OH,Holmes County,"Holmes County, OH",96500,0,2188.7,296377,102
39077,OH,Huron County,"Huron County, OH",87100,0,1432.0,204446,458
39079,OH,Jackson County,"Jackson County, OH",76800,0,1497.5,210019,142
39081,OH,Jefferson County,"Jefferson County, OH",80200,1,1262.6,151221,531
39083,OH,Knox County,"Knox County, OH",94600,0,1854.7,289514,738
39085,OH,Lake County,"Lake County, OH",99400,1,1778.2,244256,2892
39087,OH,Lawrence County,"Lawrence County, OH",78600,1,1292.3,187898,392
39089,OH,Licking County,"Licking County, OH",109000,1,2003.0,335070,2235
39091,OH,Logan County,"Logan County, OH",91900,0,1937.1,251559,650
39093,OH,Lorain County,"Lorain County, OH",99400,1,1803.6,270141,3701
39095,OH,Lucas County,"Lucas County, OH",95200,1,1427.9,186764,5178
39097,OH,Madison County,"Madison County, OH",109000,1,2065.8,332980,583
39099,OH,Mahoning County,"Mahoning County, OH",75500,1,1449.6,188428,2547
39101,OH,Marion County,"Marion County, OH",78700,0,1406.2,191277,705
39103,OH,Medina County,"Medina County, OH",99400,1,2064.9,341114,2102
39105,OH,Meigs County,"Meigs County, OH",65400,0,1247.9,186814,113
39107,OH,Mercer County,"Mercer County, OH",108200,0,1690.0,228243,267
39109,OH,Miami County,"Miami County, OH",93800,1,1690.5,246127,1391
39111,OH,Monroe County,"Monroe County, OH",75000,0,1313.9,154158,76
39113,OH,Montgomery County,"Montgomery County, OH",93800,1,1568.0,223538,7069
39115,OH,Morgan County,"Morgan County, OH",73500,0,1403.2,181598,102
39117,OH,Morrow County,"Morrow County, OH",109000,1,1821.3,288538,352
39119,OH,Muskingum County,"Muskingum County, OH",80500,0,1725.9,228308,839
39121,OH,Noble County,"Noble County, OH",79900,0,1456.3,182955,87
39123,OH,Ottawa County,"Ottawa County, OH",104900,1,2229.1,295434,640
39125,OH,Paulding County,"Paulding County, OH",90500,0,1245.3,163837,187
39127,OH,Perry County,"Perry County, OH",82100,1,1763.0,238771,276
39129,OH,Pickaway County,"Pickaway County, OH",109000,1,1904.2,347440,822
39131,OH,Pike County,"Pike County, OH",71700,0,1668.9,223864,136
39133,OH,Portage County,"Portage County, OH",100300,1,1852.2,280307,1559
39135,OH,Preble County,"Preble County, OH",91200,0,1680.4,225926,395
39137,OH,Putnam County,"Putnam County, OH",107900,0,1414.7,219727,184
39139,OH,Richland County,"Richland County, OH",71900,1,1453.7,203893,1349
39141,OH,Ross County,"Ross County, OH",81000,0,1624.1,227184,608
39143,OH,Sandusky County,"Sandusky County, OH",87500,0,1345.0,183316,472
39145,OH,Scioto County,"Scioto County, OH",75200,0,1344.2,183975,67
39147,OH,Seneca County,"Seneca County, OH",85200,0,1308.0,171767,398
39149,OH,Shelby County,"Shelby County, OH",96600,0,1598.0,215430,403
39151,OH,Stark County,"Stark County, OH",86500,1,1634.4,229045,4266
39153,OH,Summit County,"Summit County, OH",100300,1,1718.0,227294,6794
39155,OH,Trumbull County,"Trumbull County, OH",75500,1,1345.8,175376,1931
39157,OH,Tuscarawas County,"Tuscarawas County, OH",91000,0,1568.3,211433,815
39159,OH,Union County,"Union County, OH",128200,1,2235.0,477063,1141
39161,OH,Van Wert County,"Van Wert County, OH",86700,0,1249.4,171553,288
39163,OH,Vinton County,"Vinton County, OH",79400,0,2051.5,272697,79
39165,OH,Warren County,"Warren County, OH",111800,1,2073.1,407446,3290
39167,OH,Washington County,"Washington County, OH",84600,0,1490.0,223948,435
39169,OH,Wayne County,"Wayne County, OH",89500,0,1892.7,245785,943
39171,OH,Williams County,"Williams County, OH",83200,0,1320.2,173688,380
39173,OH,Wood County,"Wood County, OH",95200,1,1789.9,289171,1326
39175,OH,Wyandot County,"Wyandot County, OH",90700,0,1333.7,183534,133
40001,OK,Adair County,"Adair County, OK",62000,0,1507.9,177095,104
40003,OK,Alfalfa County,"Alfalfa County, OK",99900,0,974.2,173194,9
40005,OK,Atoka County,"Atoka County, OK",71700,0,1746.5,269044,45
40007,OK,Beaver County,"Beaver County, OK",79000,0,648.9,109440,25
40009,OK,Beckham County,"Beckham County, OK",80200,0,1178.8,190124,225
40011,OK,Blaine County,"Blaine County, OK",78300,0,881.3,132949,56
40013,OK,Bryan County,"Bryan County, OK",73700,0,1675.4,237424,483
40015,OK,Caddo County,"Caddo County, OK",70300,0,1070.1,173288,154
40017,OK,Canadian County,"Canadian County, OK",99000,1,1768.3,276209,3590
40019,OK,Carter County,"Carter County, OK",81600,0,1341.3,189557,503
40021,OK,Cherokee County,"Cherokee County, OK",72700,0,1618.4,239355,378
40023,OK,Choctaw County,"Choctaw County, OK",68200,0,1168.7,175031,54
40027,OK,Cleveland County,"Cleveland County, OK",99000,1,1712.9,265908,3946
40029,OK,Coal County,"Coal County, OK",60700,0,1024.9,129929,14
40031,OK,Comanche County,"Comanche County, OK",74500,1,1287.2,192102,1479
40033,OK,Cotton County,"Cotton County, OK",85000,1,823.7,125554,41
40035,OK,Craig County,"Craig County, OK",65800,0,1287.1,224959,67
40037,OK,Creek County,"Creek County, OK",90300,1,1584.7,221327,749
40039,OK,Custer County,"Custer County, OK",83300,0,1372.1,209842,282
40041,OK,Delaware County,"Delaware County, OK",74700,0,2142.0,340644,268
40043,OK,Dewey County,"Dewey County, OK",77300,0,994.8,161575,20
40045,OK,Ellis County,"Ellis County, OK",77500,0,1198.6,223690,20
40047,OK,Garfield County,"Garfield County, OK",89200,1,1202.8,171050,715
40049,OK,Garvin County,"Garvin County, OK",79000,0,1200.9,173432,192
40051,OK,Grady County,"Grady County, OK",96800,1,1718.6,276595,896
40053,OK,Grant County,"Grant County, OK",87900,0,1006.6,163368,19
40055,OK,Greer County,"Greer County, OK",76600,0,710.5,90582,51
40057,OK,Harmon County,"Harmon County, OK",65500,0,636.6,87750,4
40059,OK,Harper County,"Harper County, OK",79400,0,863.4,127364,11
40061,OK,Haskell County,"Haskell County, OK",67100,0,1168.5,184837,97
40063,OK,Hughes County,"Hughes County, OK",62300,0,828.6,117904,69
40065,OK,Jackson County,"Jackson County, OK",84500,0,1207.6,195096,265
40067,OK,Jefferson County,"Jefferson County, OK",66400,0,778.7,125773,25
40069,OK,Johnston County,"Johnston County, OK",66600,0,1354.8,206859,32
40071,OK,Kay County,"Kay County, OK",75500,0,1012.5,140637,508
40073,OK,Kingfisher County,"Kingfisher County, OK",85000,0,1536.3,251516,127
40075,OK,Kiowa County,"Kiowa County, OK",61500,0,751.3,97707,48
40077,OK,Latimer County,"Latimer County, OK",61000,0,1358.2,191649,47
40079,OK,Le Flore County,"Le Flore County, OK",67600,0,1348.6,193720,365
40081,OK,Lincoln County,"Lincoln County, OK",77500,1,1460.2,210432,344
40083,OK,Logan County,"Logan County, OK",99000,1,1837.5,327675,1072
40085,OK,Love County,"Love County, OK",78900,0,1648.7,258750,56
40093,OK,Major County,"Major County, OK",85800,0,1387.3,234792,24
40095,OK,Marshall County,"Marshall County, OK",64500,0,1634.8,251474,134
40097,OK,Mayes County,"Mayes County, OK",76400,0,1555.1,232359,371
40087,OK,McClain County,"McClain County, OK",99000,1,1784.8,289069,784
40089,OK,McCurtain County,"McCurtain County, OK",69100,0,3464.9,611854,385
40091,OK,McIntosh County,"McIntosh County, OK",62000,0,1647.5,257117,175
40099,OK,Murray County,"Murray County, OK",83700,0,1533.1,225372,125
40101,OK,Muskogee County,"Muskogee County, OK",76400,0,1316.6,192984,573
40103,OK,Noble County,"Noble County, OK",92000,0,1207.5,176167,102
40105,OK,Nowata County,"Nowata County, OK",69300,0,922.1,144050,58
40107,OK,Okfuskee County,"Okfuskee County, OK",65200,0,1370.6,238135,50
40109,OK,Oklahoma County,"Oklahoma County, OK",99000,1,1685.7,263364,10684
40111,OK,Okmulgee County,"Okmulgee County, OK",74100,1,1137.0,162810,296
40113,OK,Osage County,"Osage County, OK",90300,1,1603.2,255524,433
40115,OK,Ottawa County,"Ottawa County, OK",64000,0,1253.2,215906,48
40117,OK,Pawnee County,"Pawnee County, OK",78100,1,1262.8,182883,132
40119,OK,Payne County,"Payne County, OK",90700,0,1675.8,250892,1025
40121,OK,Pittsburg County,"Pittsburg County, OK",75500,0,1339.6,203893,412
40123,OK,Pontotoc County,"Pontotoc County, OK",84100,0,1385.2,207871,438
40125,OK,Pottawatomie County,"Pottawatomie County, OK",74000,0,1460.6,213997,973
40127,OK,Pushmataha County,"Pushmataha County, OK",62400,0,1502.2,193653,36
40129,OK,Roger Mills County,"Roger Mills County, OK",77300,0,997.6,194909,11
40131,OK,Rogers County,"Rogers County, OK",90300,1,1773.3,294998,1327
40133,OK,Seminole County,"Seminole County, OK",60600,0,999.9,148138,170
40135,OK,Sequoyah County,"Sequoyah County, OK",80600,1,1408.5,201358,337
40137,OK,Stephens County,"Stephens County, OK",81700,0,1108.5,170014,433
40139,OK,Texas County,"Texas County, OK",79100,0,1345.6,211531,49
40141,OK,Tillman County,"Tillman County, OK",66300,0,813.6,147050,30
40143,OK,Tulsa County,"Tulsa County, OK",90300,1,1683.1,283091,8822
40145,OK,Wagoner County,"Wagoner County, OK",90300,1,1795.0,287501,1598
40147,OK,Washington County,"Washington County, OK",88100,0,1200.0,196869,754
40149,OK,Washita County,"Washita County, OK",77900,0,839.7,122583,103
40151,OK,Woods County,"Woods County, OK",89300,0,899.6,154857,28
40153,OK,Woodward County,"Woodward County, OK",89000,0,992.2,150228,178
41001,OR,Baker County,"Baker County, OR",86000,0,2050.5,283744,207
41003,OR,Benton County,"Benton County, OR",126300,1,3274.0,562729,723
41005,OR,Clackamas County,"Clackamas County, OR",124100,1,3321.3,630227,4951
41007,OR,Clatsop County,"Clatsop County, OR",96400,0,3474.3,527480,643
41009,OR,Columbia County,"Columbia County, OR",124100,1,2862.1,467078,502
41011,OR,Coos County,"Coos County, OR",83100,0,2636.1,354102,745
41013,OR,Crook County,"Crook County, OR",98100,1,3112.5,471237,377
41015,OR,Curry County,"Curry County, OR",78000,0,3384.2,486008,266
41017,OR,Deschutes County,"Deschutes County, OR",123500,1,3961.5,661911,4007
41019,OR,Douglas County,"Douglas County, OR",83600,0,2546.9,354340,1056
41021,OR,Gilliam County,"Gilliam County, OR",82800,0,1431.3,229593,15
41023,OR,Grant County,"Grant County, OR",75500,0,1832.9,289187,83
41025,OR,Harney County,"Harney County, OR",69400,0,1758.0,298150,6
41027,OR,Hood River County,"Hood River County, OR",113400,0,4437.5,770120,166
41029,OR,Jackson County,"Jackson County, OR",92400,1,2872.4,439739,2778
41031,OR,Jefferson County,"Jefferson County, OR",84800,1,2775.6,396429,267
41033,OR,Josephine County,"Josephine County, OR",84800,1,2761.4,410844,962
41035,OR,Klamath County,"Klamath County, OR",67300,0,2200.3,322145,783
41037,OR,Lake County,"Lake County, OR",89000,0,1986.8,231700,15
41039,OR,Lane County,"Lane County, OR",91700,1,3208.2,467368,3871
41041,OR,Lincoln County,"Lincoln County, OR",82600,0,3622.5,507670,831
41043,OR,Linn County,"Linn County, OR",99000,1,2950.5,413183,1272
41045,OR,Malheur County,"Malheur County, OR",71200,0,2067.5,298982,221
41047,OR,Marion County,"Marion County, OR",92600,1,2975.8,450496,3271
41049,OR,Morrow County,"Morrow County, OR",85900,0,2291.6,301622,78
41051,OR,Multnomah County,"Multnomah County, OR",124100,1,3291.6,513057,9136
41053,OR,Polk County,"Polk County, OR",92600,1,2932.3,465627,883
41055,OR,Sherman County,"Sherman County, OR",83700,0,1859.3,257354,13
41057,OR,Tillamook County,"Tillamook County, OR",83500,0,3737.3,565835,518
41059,OR,Umatilla County,"Umatilla County, OR",69500,0,2372.1,330462,691
41061,OR,Union County,"Union County, OR",82800,0,2280.2,326214,227
41063,OR,Wallowa County,"Wallowa County, OR",84500,0,2788.7,391182,85
41065,OR,Wasco County,"Wasco County, OR",86500,0,2566.9,420322,224
41067,OR,Washington County,"Washington County, OR",124100,1,3168.0,569998,6726
41069,OR,Wheeler County,"Wheeler County, OR",65000,0,1415.3,180890,10
41071,OR,Yamhill County,"Yamhill County, OR",124100,1,3162.7,493136,985
42001,PA,Adams County,"Adams County, PA",102400,1,1961.4,330123,1259
42003,PA,Allegheny County,"Allegheny County, PA",107300,1,1942.7,259314,12831
42005,PA,Armstrong County,"Armstrong County, PA",82500,1,1218.7,163453,425
42007,PA,Beaver County,"Beaver County, PA",107300,1,1716.8,217252,1764
42009,PA,Bedford County,"Bedford County, PA",84700,0,1364.8,210230,283
42011,PA,Berks County,"Berks County, PA",99800,1,1820.1,296390,4350
42013,PA,Blair County,"Blair County, PA",83800,1,1138.2,171759,1065
42015,PA,Bradford County,"Bradford County, PA",86900,0,1225.9,199807,332
42017,PA,Bucks County,"Bucks County, PA",119400,1,2863.5,509041,6274
42019,PA,Butler County,"Butler County, PA",107300,1,2153.3,361523,2010
42021,PA,Cambria County,"Cambria County, PA",85000,1,883.4,118465,990
42023,PA,Cameron County,"Cameron County, PA",66800,0,1120.7,147429,31
42025,PA,Carbon County,"Carbon County, PA",100200,1,1891.7,284544,1150
42027,PA,Centre County,"Centre County, PA",108100,1,2092.8,376451,1389
42029,PA,Chester County,"Chester County, PA",119400,1,2666.2,559570,5913
42031,PA,Clarion County,"Clarion County, PA",85800,0,908.5,167503,212
42033,PA,Clearfield County,"Clearfield County, PA",85900,0,1121.4,162819,223
42035,PA,Clinton County,"Clinton County, PA",80200,0,1313.8,208941,318
42037,PA,Columbia County,"Columbia County, PA",84300,0,1505.4,239133,485
42039,PA,Crawford County,"Crawford County, PA",81900,0,1325.3,170218,563
42041,PA,Cumberland County,"Cumberland County, PA",105400,1,1908.3,323786,3138
42043,PA,Dauphin County,"Dauphin County, PA",105400,1,1661.1,266874,3108
42045,PA,Delaware County,"Delaware County, PA",119400,1,2393.2,361898,5769
42047,PA,Elk County,"Elk County, PA",89900,0,1221.4,180696,28
42049,PA,Erie County,"Erie County, PA",84400,1,1545.3,202070,2342
42051,PA,Fayette County,"Fayette County, PA",107300,1,1237.5,159861,820
42053,PA,Forest County,"Forest County, PA",66200,0,1386.4,139909,58
42055,PA,Franklin County,"Franklin County, PA",95500,1,1794.3,289127,1786
42057,PA,Fulton County,"Fulton County, PA",88500,0,1824.4,233671,102
42059,PA,Greene County,"Greene County, PA",93100,0,1269.8,162979,161
42063,PA,Indiana County,"Indiana County, PA",74500,0,1241.5,167903,469
42065,PA,Jefferson County,"Jefferson County, PA",76400,0,1049.3,147538,74
42067,PA,Juniata County,"Juniata County, PA",85100,0,1525.5,244869,112
42069,PA,Lackawanna County,"Lackawanna County, PA",83500,1,1393.4,241247,2087
42071,PA,Lancaster County,"Lancaster County, PA",103900,1,2120.7,355591,5284
42073,PA,Lawrence County,"Lawrence County, PA",88900,1,1236.0,164247,784
42075,PA,Lebanon County,"Lebanon County, PA",93300,1,1889.5,297699,1628
42077,PA,Lehigh County,"Lehigh County, PA",100200,1,2039.9,350720,3602
42079,PA,Luzerne County,"Luzerne County, PA",83500,1,1337.1,224096,3117
42081,PA,Lycoming County,"Lycoming County, PA",87800,1,1388.6,208447,903
42083,PA,McKean County,"McKean County, PA",84700,0,1002.3,137201,246
42085,PA,Mercer County,"Mercer County, PA",82500,0,1441.1,173791,890
42087,PA,Mifflin County,"Mifflin County, PA",77700,0,1276.7,182833,306
42089,PA,Monroe County,"Monroe County, PA",104400,0,1948.4,326293,2573
42091,PA,Montgomery County,"Montgomery County, PA",119400,1,2642.2,464548,8733
42093,PA,Montour County,"Montour County, PA",99700,0,1701.9,270237,167
42095,PA,Northampton County,"Northampton County, PA",100200,1,2131.1,363115,3110
42097,PA,Northumberland County,"Northumberland County, PA",81100,0,1010.2,152283,689
42099,PA,Perry County,"Perry County, PA",105400,1,1735.2,269942,445
42101,PA,Philadelphia County,"Philadelphia County, PA",119400,1,2240.4,276002,13913
42103,PA,Pike County,"Pike County, PA",100200,0,1910.5,308332,1342
42105,PA,Potter County,"Potter County, PA",80800,0,1424.1,181196,119
42107,PA,Schuylkill County,"Schuylkill County, PA",85800,0,1067.5,166477,1507
42109,PA,Snyder County,"Snyder County, PA",87000,0,1510.7,246633,186
42111,PA,Somerset County,"Somerset County, PA",81400,0,1248.2,182731,565
42113,PA,Sullivan County,"Sullivan County, PA",88400,0,1737.1,260570,73
42115,PA,Susquehanna County,"Susquehanna County, PA",87800,0,1575.2,244365,290
42117,PA,Tioga County,"Tioga County, PA",81900,0,1392.4,213983,295
42119,PA,Union County,"Union County, PA",103600,0,1695.4,318332,277
42121,PA,Venango County,"Venango County, PA",83000,0,855.0,146666,345
42123,PA,Warren County,"Warren County, PA",82100,0,1033.2,146080,253
42125,PA,Washington County,"Washington County, PA",107300,1,1785.2,273013,2098
42127,PA,Wayne County,"Wayne County, PA",83900,0,1979.8,304471,800
42129,PA,Westmoreland County,"Westmoreland County, PA",107300,1,1806.3,230740,3369
42131,PA,Wyoming County,"Wyoming County, PA",83500,1,1595.4,252948,174
42133,PA,York County,"York County, PA",105800,1,1744.4,294888,5921
44001,RI,Bristol County,"Bristol County, RI",114300,1,3837.7,638931,516
44003,RI,Kent County,"Kent County, RI",114300,1,3033.3,440717,2210
44005,RI,Newport County,"Newport County, RI",139500,1,4858.7,804059,901
44007,RI,Providence County,"Providence County, RI",114300,1,2813.9,475268,5691
44009,RI,Washington County,"Washington County, RI",114300,1,3876.7,653034,1529
45001,SC,Abbeville County,"Abbeville County, SC",72400,0,1609.9,248652,152
45003,SC,Aiken County,"Aiken County, SC",88300,1,1719.1,298479,2853
45005,SC,Allendale County,"Allendale County, SC",56500,0,664.5,97167,15
45007,SC,Anderson County,"Anderson County, SC",87100,1,1779.8,308414,2952
45009,SC,Bamberg County,"Bamberg County, SC",66500,0,1102.3,178894,52
45011,SC,Barnwell County,"Barnwell County, SC",61300,0,1270.1,186905,77
45013,SC,Beaufort County,"Beaufort County, SC",112500,1,3221.1,569910,5249
45015,SC,Berkeley County,"Berkeley County, SC",110900,1,2218.2,403466,5481
45019,SC,Charleston County,"Charleston County, SC",110900,1,3666.6,638764,7626
45021,SC,Cherokee County,"Cherokee County, SC",72200,0,1642.0,235105,414
45023,SC,Chester County,"Chester County, SC",66300,1,1768.3,281103,411
45025,SC,Chesterfield County,"Chesterfield County, SC",64400,0,1528.6,244164,257
45027,SC,Clarendon County,"Clarendon County, SC",71200,0,1784.1,278015,216
45029,SC,Colleton County,"Colleton County, SC",66200,0,2440.0,355081,325
45031,SC,Darlington County,"Darlington County, SC",67800,1,1543.4,237207,489
45033,SC,Dillon County,"Dillon County, SC",52500,0,1113.5,178169,108
45035,SC,Dorchester County,"Dorchester County, SC",110900,1,2004.5,378946,3504
45037,SC,Edgefield County,"Edgefield County, SC",88300,1,1799.9,331007,385
45041,SC,Florence County,"Florence County, SC",77000,1,1602.1,262910,1327
45043,SC,Georgetown County,"Georgetown County, SC",89400,0,2662.2,487356,1252
45045,SC,Greenville County,"Greenville County, SC",97300,1,1989.2,364882,8060
45047,SC,Greenwood County,"Greenwood County, SC",81900,0,1648.9,266881,685
45049,SC,Hampton County,"Hampton County, SC",60400,0,1420.4,210136,72
45051,SC,Horry County,"Horry County, SC",87200,1,2142.4,327727,14409
45053,SC,Jasper County,"Jasper County, SC",78600,1,2792.4,425223,1194
45057,SC,Lancaster County,"Lancaster County, SC",93700,1,2179.6,442158,1818
45059,SC,Laurens County,"Laurens County, SC",74400,1,1595.4,292865,892
45061,SC,Lee County,"Lee County, SC",65400,0,1032.5,177648,49
45067,SC,Marion County,"Marion County, SC",51100,0,1231.8,184428,174
45069,SC,Marlboro County,"Marlboro County, SC",54900,0,1082.6,159323,65
45065,SC,McCormick County,"McCormick County, SC",85800,0,2226.2,396996,125
45071,SC,Newberry County,"Newberry County, SC",79800,0,1831.0,313820,253
45073,SC,Oconee County,"Oconee County, SC",86600,0,2179.4,385201,1138
45075,SC,Orangeburg County,"Orangeburg County, SC",62600,0,1646.2,235358,596
45077,SC,Pickens County,"Pickens County, SC",97300,1,1870.6,322629,1678
45083,SC,Spartanburg County,"Spartanburg County, SC",82400,1,1661.2,288139,6758
45085,SC,Sumter County,"Sumter County, SC",70200,1,1483.1,255251,1276
45087,SC,Union County,"Union County, SC",63200,1,1302.4,207516,170
45089,SC,Williamsburg County,"Williamsburg County, SC",60900,0,1149.9,174324,82
45091,SC,York County,"York County, SC",112200,1,2226.2,410685,4416
46003,SD,Aurora County,"Aurora County, SD",93800,0,1403.4,242167,6
46005,SD,Beadle County,"Beadle County, SD",88800,0,1039.0,194023,164
46007,SD,Bennett County,"Bennett County, SD",56900,0,781.6,147733,3
46009,SD,Bon Homme County,"Bon Homme County, SD",89900,0,1145.3,168615,48
46011,SD,Brookings County,"Brookings County, SD",113300,0,1700.2,313294,47
46013,SD,Brown County,"Brown County, SD",105400,0,2019.4,231615,412
46015,SD,Brule County,"Brule County, SD",109200,0,1274.4,237150,6
46019,SD,Butte County,"Butte County, SD",104200,0,1746.0,296438,113
46021,SD,Campbell County,"Campbell County, SD",102000,0,1453.5,175000,1
46023,SD,Charles Mix County,"Charles Mix County, SD",88500,0,1161.0,224314,14
46025,SD,Clark County,"Clark County, SD",83700,0,1152.7,232908,12
46027,SD,Clay County,"Clay County, SD",103700,0,1480.6,263041,116
46029,SD,Codington County,"Codington County, SD",92500,0,1456.3,282436,359
46033,SD,Custer County,"Custer County, SD",101500,1,2800.4,530690,99
46035,SD,Davison County,"Davison County, SD",99000,0,1537.3,245978,192
46037,SD,Day County,"Day County, SD",88300,0,2439.8,395788,17
46039,SD,Deuel County,"Deuel County, SD",100300,0,1341.2,259338,34
46041,SD,Dewey County,"Dewey County, SD",67900,0,923.0,82125,4
46043,SD,Douglas County,"Douglas County, SD",100200,0,710.8,84536,7
46045,SD,Edmunds County,"Edmunds County, SD",97900,0,1750.3,235070,20
46047,SD,Fall River County,"Fall River County, SD",83100,0,2023.6,304510,97
46049,SD,Faulk County,"Faulk County, SD",104400,0,1060.5,172778,9
46051,SD,Grant County,"Grant County, SD",101700,0,946.7,174797,64
46053,SD,Gregory County,"Gregory County, SD",82900,0,822.1,134000,5
46055,SD,Haakon County,"Haakon County, SD",85500,0,1560.7,359000,1
46057,SD,Hamlin County,"Hamlin County, SD",99300,0,1397.2,248054,37
46059,SD,Hand County,"Hand County, SD",113400,0,1368.9,184406,16
46061,SD,Hanson County,"Hanson County, SD",106800,0,1916.2,309000,12
46063,SD,Harding County,"Harding County, SD",87700,0,349.2,152500,2
46065,SD,Hughes County,"Hughes County, SD",102200,0,1600.5,277089,151
46067,SD,Hutchinson County,"Hutchinson County, SD",109800,0,1102.9,154505,55
46069,SD,Hyde County,"Hyde County, SD",100500,0,1290.2,139000,2
46071,SD,Jackson County,"Jackson County, SD",37800,0,3661.2,800000,1
46073,SD,Jerauld County,"Jerauld County, SD",101300,0,952.3,163475,4
46075,SD,Jones County,"Jones County, SD",92700,0,1181.4,289667,3
46077,SD,Kingsbury County,"Kingsbury County, SD",102500,0,1607.2,261233,15
46079,SD,Lake County,"Lake County, SD",103000,0,1727.0,268094,137
46081,SD,Lawrence County,"Lawrence County, SD",96100,0,2494.6,491489,425
46083,SD,Lincoln County,"Lincoln County, SD",112200,1,2066.7,361107,1127
46085,SD,Lyman County,"Lyman County, SD",74300,0,703.6,232000,5
46091,SD,Marshall County,"Marshall County, SD",111900,0,1110.3,111000,2
46087,SD,McCook County,"McCook County, SD",112200,1,1434.9,247096,55
46089,SD,McPherson County,"McPherson County, SD",83200,0,1552.8,192250,4
46093,SD,Meade County,"Meade County, SD",99800,1,2213.0,401496,351
46097,SD,Miner County,"Miner County, SD",110300,0,819.8,135227,11
46099,SD,Minnehaha County,"Minnehaha County, SD",112200,1,1985.9,332299,2609
46101,SD,Moody County,"Moody County, SD",105200,0,1520.3,261215,33
46103,SD,Pennington County,"Pennington County, SD",100600,1,2229.7,357106,1663
46105,SD,Perkins County,"Perkins County, SD",92500,0,884.0,125764,14
46107,SD,Potter County,"Potter County, SD",100300,0,920.9,347667,6
46109,SD,Roberts County,"Roberts County, SD",85600,0,1911.3,290258,22
46111,SD,Sanborn County,"Sanborn County, SD",98900,0,1687.7,184180,5
46115,SD,Spink County,"Spink County, SD",102100,0,1157.3,164377,13
46117,SD,Stanley County,"Stanley County, SD",118400,0,1516.3,275100,10
46119,SD,Sully County,"Sully County, SD",101400,0,1442.5,270111,9
46121,SD,Todd County,"Todd County, SD",43200,0,224.0,85000,1
46123,SD,Tripp County,"Tripp County, SD",82400,0,768.7,154814,14
46125,SD,Turner County,"Turner County, SD",112200,1,1630.9,283193,72
46127,SD,Union County,"Union County, SD",90100,1,1681.9,396114,208
46129,SD,Walworth County,"Walworth County, SD",88400,0,841.9,160118,33
46135,SD,Yankton County,"Yankton County, SD",105000,0,1548.2,270216,281
47001,TN,Anderson County,"Anderson County, TN",101700,1,2196.3,350001,931
47003,TN,Bedford County,"Bedford County, TN",78500,0,2251.6,329191,660
47005,TN,Benton County,"Benton County, TN",73700,0,1505.7,209462,163
47007,TN,Bledsoe County,"Bledsoe County, TN",64700,0,2021.9,296607,129
47009,TN,Blount County,"Blount County, TN",101700,1,2392.5,395465,2059
47011,TN,Bradley County,"Bradley County, TN",84700,1,2024.5,324456,1597
47013,TN,Campbell County,"Campbell County, TN",72700,1,2045.8,303589,390
47015,TN,Cannon County,"Cannon County, TN",114800,1,2460.6,357031,144
47017,TN,Carroll County,"Carroll County, TN",79000,0,1346.8,206181,217
47019,TN,Carter County,"Carter County, TN",84800,1,1864.0,255823,605
47021,TN,Cheatham County,"Cheatham County, TN",114800,1,2407.1,409360,610
47023,TN,Chester County,"Chester County, TN",87700,1,1618.0,246447,169
47025,TN,Claiborne County,"Claiborne County, TN",68600,0,1835.1,276291,238
47027,TN,Clay County,"Clay County, TN",66700,0,2074.6,339290,56
47029,TN,Cocke County,"Cocke County, TN",58900,0,2117.2,290302,278
47031,TN,Coffee County,"Coffee County, TN",76400,0,2080.9,319764,876
47033,TN,Crockett County,"Crockett County, TN",79900,1,1432.4,200437,108
47035,TN,Cumberland County,"Cumberland County, TN",75400,0,2135.9,338720,1013
47037,TN,Davidson County,"Davidson County, TN",114800,1,2924.9,476730,10432
47041,TN,DeKalb County,"DeKalb County, TN",68700,0,2234.6,322542,346
47039,TN,Decatur County,"Decatur County, TN",67200,0,1535.4,227911,107
47043,TN,Dickson County,"Dickson County, TN",114800,1,2543.8,358674,757
47045,TN,Dyer County,"Dyer County, TN",72800,0,1220.7,185491,320
47047,TN,Fayette County,"Fayette County, TN",91100,1,1956.1,409299,691
47049,TN,Fentress County,"Fentress County, TN",61700,0,2072.0,280720,282
47051,TN,Franklin County,"Franklin County, TN",83000,0,2124.7,336189,659
47053,TN,Gibson County,"Gibson County, TN",77000,1,1490.9,217721,586
47055,TN,Giles County,"Giles County, TN",89200,0,1923.4,265943,324
47057,TN,Grainger County,"Grainger County, TN",71600,1,2127.1,363249,193
47059,TN,Greene County,"Greene County, TN",78300,0,1857.6,279716,872
47061,TN,Grundy County,"Grundy County, TN",57000,0,2068.0,295969,112
47063,TN,Hamblen County,"Hamblen County, TN",75200,1,1948.9,309821,755
47067,TN,Hancock County,"Hancock County, TN",52000,0,1635.0,206414,50
47069,TN,Hardeman County,"Hardeman County, TN",73300,0,1377.8,188108,124
47071,TN,Hardin County,"Hardin County, TN",61100,0,1694.7,251501,383
47073,TN,Hawkins County,"Hawkins County, TN",79000,1,1777.3,262391,557
47075,TN,Haywood County,"Haywood County, TN",65800,0,1299.9,188149,108
47077,TN,Henderson County,"Henderson County, TN",77500,0,1582.6,227052,183
47079,TN,Henry County,"Henry County, TN",70600,0,1671.3,250918,284
47081,TN,Hickman County,"Hickman County, TN",72600,1,2222.3,314888,212
47083,TN,Houston County,"Houston County, TN",77400,0,1969.5,294182,92
47085,TN,Humphreys County,"Humphreys County, TN",81700,0,1822.5,275234,200
47087,TN,Jackson County,"Jackson County, TN",64000,0,1832.9,248881,115
47089,TN,Jefferson County,"Jefferson County, TN",75200,1,2223.5,349669,742
47091,TN,Johnson County,"Johnson County, TN",72100,0,1969.0,283312,176
47093,TN,Knox County,"Knox County, TN",101700,1,2333.2,395865,7738
47095,TN,Lake County,"Lake County, TN",42700,0,929.3,130539,44
47097,TN,Lauderdale County,"Lauderdale County, TN",64700,0,1280.7,160670,175
47099,TN,Lawrence County,"Lawrence County, TN",73300,0,1867.1,276702,418
47101,TN,Lewis County,"Lewis County, TN",76300,0,2112.6,283399,123
47103,TN,Lincoln County,"Lincoln County, TN",84500,0,1803.6,265799,417
47105,TN,Loudon County,"Loudon County, TN",101700,1,2569.6,530491,1193
47111,TN,Macon County,"Macon County, TN",77600,1,2030.0,296942,294
47113,TN,Madison County,"Madison County, TN",87700,1,1614.0,272559,1103
47117,TN,Marshall County,"Marshall County, TN",95100,0,2255.8,326111,669
47119,TN,Maury County,"Maury County, TN",94200,1,2327.7,423533,2070
47107,TN,McMinn County,"McMinn County, TN",77800,0,1836.5,278626,679
47109,TN,McNairy County,"McNairy County, TN",69100,0,1547.5,209946,212
47121,TN,Meigs County,"Meigs County, TN",78000,0,2392.1,326267,127
47123,TN,Monroe County,"Monroe County, TN",79800,0,2232.5,327086,581
47125,TN,Montgomery County,"Montgomery County, TN",89800,1,1951.6,329156,4618
47127,TN,Moore County,"Moore County, TN",90300,0,2308.4,408640,91
47129,TN,Morgan County,"Morgan County, TN",79900,1,1856.0,249056,105
47131,TN,Obion County,"Obion County, TN",73200,0,1274.3,185251,218
47133,TN,Overton County,"Overton County, TN",74100,0,2116.4,311278,239
47135,TN,Perry County,"Perry County, TN",66700,0,1631.0,240097,51
47137,TN,Pickett County,"Pickett County, TN",67800,0,2097.4,281647,55
47139,TN,Polk County,"Polk County, TN",84700,1,2173.3,308120,166
47141,TN,Putnam County,"Putnam County, TN",86800,0,2107.8,351710,953
47143,TN,Rhea County,"Rhea County, TN",68600,0,1964.5,316340,333
47145,TN,Roane County,"Roane County, TN",90800,1,1996.3,354121,806
47147,TN,Robertson County,"Robertson County, TN",114800,1,2314.1,373453,1244
47149,TN,Rutherford County,"Rutherford County, TN",114800,1,2330.9,428884,5273
47151,TN,Scott County,"Scott County, TN",57700,0,1768.7,263368,117
47155,TN,Sevier County,"Sevier County, TN",80000,0,3115.7,499316,2308
47157,TN,Shelby County,"Shelby County, TN",91100,1,1572.8,269156,8966
47159,TN,Smith County,"Smith County, TN",85200,1,2229.1,322982,235
47161,TN,Stewart County,"Stewart County, TN",88800,1,1839.6,271464,115
47163,TN,Sullivan County,"Sullivan County, TN",79000,1,1777.8,276782,2405
47165,TN,Sumner County,"Sumner County, TN",114800,1,2402.4,438172,3655
47167,TN,Tipton County,"Tipton County, TN",91100,1,1799.9,299342,584
47169,TN,Trousdale County,"Trousdale County, TN",114800,1,2434.9,406764,135
47171,TN,Unicoi County,"Unicoi County, TN",84800,1,1809.4,257823,159
47173,TN,Union County,"Union County, TN",101700,1,2368.8,322913,190
47175,TN,Van Buren County,"Van Buren County, TN",74800,0,2073.3,244124,71
47177,TN,Warren County,"Warren County, TN",70200,0,2055.8,279951,536
47179,TN,Washington County,"Washington County, TN",84800,1,2033.0,354256,2049
47181,TN,Wayne County,"Wayne County, TN",74300,0,1410.7,227949,84
47183,TN,Weakley County,"Weakley County, TN",71300,0,1337.1,200001,273
47185,TN,White County,"White County, TN",73600,0,2132.3,302727,388
47187,TN,Williamson County,"Williamson County, TN",114800,1,3432.2,933286,4861
47189,TN,Wilson County,"Wilson County, TN",114800,1,2409.3,489102,3179
48001,TX,Anderson County,"Anderson County, TX",76900,0,1442.2,227913,326
48003,TX,Andrews County,"Andrews County, TX",97300,0,651.1,98000,1
48005,TX,Angelina County,"Angelina County, TX",77300,0,1502.1,258963,241
48007,TX,Aransas County,"Aransas County, TX",79100,1,2582.2,360787,563
48009,TX,Archer County,"Archer County, TX",89900,1,1686.1,292884,82
48011,TX,Armstrong County,"Armstrong County, TX",99500,1,1556.4,280469,27
48013,TX,Atascosa County,"Atascosa County, TX",86900,1,1569.4,225363,415
48015,TX,Austin County,"Austin County, TX",103000,1,1923.5,356537,236
48017,TX,Bailey County,"Bailey County, TX",90900,0,1027.8,183232,28
48019,TX,Bandera County,"Bandera County, TX",98300,1,2386.2,399149,193
48021,TX,Bastrop County,"Bastrop County, TX",133800,1,2051.5,346823,1241
48023,TX,Baylor County,"Baylor County, TX",73900,0,1080.4,157086,31
48025,TX,Bee County,"Bee County, TX",80800,0,1295.2,164050,126
48027,TX,Bell County,"Bell County, TX",88900,1,1643.9,277091,4951
48029,TX,Bexar County,"Bexar County, TX",98300,1,1677.6,291126,22124
48031,TX,Blanco County,"Blanco County, TX",105500,0,2545.9,444633,106
48035,TX,Bosque County,"Bosque County, TX",88600,1,1754.8,229699,157
48037,TX,Bowie County,"Bowie County, TX",71500,1,1341.4,222916,728
48039,TX,Brazoria County,"Brazoria County, TX",120100,1,1733.1,338024,5155
48041,TX,Brazos County,"Brazos County, TX",88500,1,2064.3,334985,2910
48043,TX,Brewster County,"Brewster County, TX",79700,0,1980.6,422714,7
48045,TX,Briscoe County,"Briscoe County, TX",60000,0,859.6,162944,9
48047,TX,Brooks County,"Brooks County, TX",42700,0,555.7,76300,6
48049,TX,Brown County,"Brown County, TX",76700,0,1459.0,215547,430
48051,TX,Burleson County,"Burleson County, TX",88500,1,1891.8,271554,161
48053,TX,Burnet County,"Burnet County, TX",100400,0,2238.4,370474,800
48055,TX,Caldwell County,"Caldwell County, TX",133800,1,1730.2,260467,494
48057,TX,Calhoun County,"Calhoun County, TX",91600,0,1814.6,247343,186
48059,TX,Callahan County,"Callahan County, TX",87300,1,1393.2,213536,141
48061,TX,Cameron County,"Cameron County, TX",66500,1,1795.4,267762,2841
48063,TX,Camp County,"Camp County, TX",69700,0,1649.7,265063,87
48065,TX,Carson County,"Carson County, TX",99500,1,1334.1,203884,68
48067,TX,Cass County,"Cass County, TX",71200,0,1120.6,169863,153
48069,TX,Castro County,"Castro County, TX",70000,0,1021.4,182889,19
48071,TX,Chambers County,"Chambers County, TX",101100,1,1795.1,356723,911
48073,TX,Cherokee County,"Cherokee County, TX",71400,0,1671.2,234454,325
48075,TX,Childress County,"Childress County, TX",73300,0,1121.0,159902,43
48077,TX,Clay County,"Clay County, TX",89900,1,1407.3,224648,100
48079,TX,Cochran County,"Cochran County, TX",58200,1,816.3,130978,5
48081,TX,Coke County,"Coke County, TX",76900,0,1226.6,188584,19
48083,TX,Coleman County,"Coleman County, TX",69500,0,1024.9,132755,73
48085,TX,Collin County,"Collin County, TX",117300,1,2111.5,452152,17273
48087,TX,Collingsworth County,"Collingsworth County, TX",69300,0,843.3,134989,9
48089,TX,Colorado County,"Colorado County, TX",97600,0,1895.6,310051,109
48091,TX,Comal County,"Comal County, TX",98300,1,2208.4,433529,3254
48093,TX,Comanche County,"Comanche County, TX",88600,0,1402.9,209748,143
48095,TX,Concho County,"Concho County, TX",78200,0,995.0,102420,5
48097,TX,Cooke County,"Cooke County, TX",98500,0,1900.3,325876,422
48099,TX,Coryell County,"Coryell County, TX",88900,1,1538.3,238545,735
48101,TX,Cottle County,"Cottle County, TX",70900,0,510.8,73750,8
48105,TX,Crockett County,"Crockett County, TX",79400,0,875.3,178507,13
48107,TX,Crosby County,"Crosby County, TX",80000,1,695.1,115688,33
48109,TX,Culberson County,"Culberson County, TX",55800,0,1309.8,330000,1
48111,TX,Dallam County,"Dallam County, TX",88900,0,1137.0,159362,8
48113,TX,Dallas County,"Dallas County, TX",117300,1,2144.5,366559,19779
48115,TX,Dawson County,"Dawson County, TX",73400,0,1001.9,176565,48
48123,TX,DeWitt County,"DeWitt County, TX",76900,0,1163.7,171792,79
48117,TX,Deaf Smith County,"Deaf Smith County, TX",60900,0,1286.0,196025,86
48119,TX,Delta County,"Delta County, TX",91700,0,1141.8,173033,36
48121,TX,Denton County,"Denton County, TX",117300,1,2133.3,437328,14337
48125,TX,Dickens County,"Dickens County, TX",73700,0,984.2,95000,2
48127,TX,Dimmit County,"Dimmit County, TX",38100,0,1277.3,177000,15
48129,TX,Donley County,"Donley County, TX",84400,0,943.2,126783,33
48131,TX,Duval County,"Duval County, TX",68200,0,826.3,144567,15
48133,TX,Eastland County,"Eastland County, TX",73800,0,1192.6,186775,160
48135,TX,Ector County,"Ector County, TX",90700,1,1371.5,220862,17
48137,TX,Edwards County,"Edwards County, TX",53100,0,1193.7,176000,5
48141,TX,El Paso County,"El Paso County, TX",72800,1,1729.6,271236,8818
48139,TX,Ellis County,"Ellis County, TX",117300,1,1962.2,413168,3520
48143,TX,Erath County,"Erath County, TX",92200,0,2045.6,320380,393
48145,TX,Falls County,"Falls County, TX",76500,1,1128.9,171328,65
48147,TX,Fannin County,"Fannin County, TX",90400,0,1806.2,279440,370
48149,TX,Fayette County,"Fayette County, TX",102100,0,1804.7,282822,119
48151,TX,Fisher County,"Fisher County, TX",81900,0,654.4,97886,18
48153,TX,Floyd County,"Floyd County, TX",66700,0,702.4,112463,26
48155,TX,Foard County,"Foard County, TX",53400,0,275.9,44333,3
48157,TX,Fort Bend County,"Fort Bend County, TX",101100,1,1789.5,386597,11932
48159,TX,Franklin County,"Franklin County, TX",82300,0,2506.5,427778,142
48161,TX,Freestone County,"Freestone County, TX",87600,0,1488.9,248755,127
48163,TX,Frio County,"Frio County, TX",69600,0,1254.4,183863,34
48165,TX,Gaines County,"Gaines County, TX",99900,0,1569.4,289288,24
48167,TX,Galveston County,"Galveston County, TX",101100,1,1852.5,345602,5798
48169,TX,Garza County,"Garza County, TX",89300,1,1697.8,329648,23
48171,TX,Gillespie County,"Gillespie County, TX",101100,0,2991.8,522305,337
48175,TX,Goliad County,"Goliad County, TX",86800,1,1860.5,332852,27
48177,TX,Gonzales County,"Gonzales County, TX",77100,0,1621.0,261320,70
48179,TX,Gray County,"Gray County, TX",72500,0,1022.4,144592,187
48181,TX,Grayson County,"Grayson County, TX",98300,1,1837.1,314941,2431
48183,TX,Gregg County,"Gregg County, TX",85200,1,1530.3,272011,1178
48185,TX,Grimes County,"Grimes County, TX",88300,0,2012.2,343021,254
48187,TX,Guadalupe County,"Guadalupe County, TX",98300,1,1608.0,287666,3923
48189,TX,Hale County,"Hale County, TX",67100,0,1053.4,175605,193
48191,TX,Hall County,"Hall County, TX",58300,0,737.9,110696,37
48193,TX,Hamilton County,"Hamilton County, TX",83600,0,1504.4,207785,67
48195,TX,Hansford County,"Hansford County, TX",102400,0,895.8,153216,19
48197,TX,Hardeman County,"Hardeman County, TX",75000,0,568.7,94897,16
48199,TX,Hardin County,"Hardin County, TX",84400,1,1622.6,267139,558
48201,TX,Harris County,"Harris County, TX",101100,1,1695.4,319483,46171
48203,TX,Harrison County,"Harrison County, TX",94100,1,1715.3,287874,534
48205,TX,Hartley County,"Hartley County, TX",98500,0,1250.5,237675,8
48207,TX,Haskell County,"Haskell County, TX",76900,0,959.0,136649,61
48209,TX,Hays County,"Hays County, TX",133800,1,2051.6,371983,4649
48211,TX,Hemphill County,"Hemphill County, TX",122700,0,1471.9,192500,6
48213,TX,Henderson County,"Henderson County, TX",87100,0,1843.0,290860,943
48215,TX,Hidalgo County,"Hidalgo County, TX",63300,1,1589.4,251435,4490
48217,TX,Hill County,"Hill County, TX",84800,0,1702.2,265721,428
48219,TX,Hockley County,"Hockley County, TX",72900,1,1163.1,204690,171
48221,TX,Hood County,"Hood County, TX",114000,0,2020.0,354179,1366
48223,TX,Hopkins County,"Hopkins County, TX",85300,0,1678.9,266060,275
48225,TX,Houston County,"Houston County, TX",79400,0,1182.0,194272,74
48227,TX,Howard County,"Howard County, TX",93100,0,1215.5,156300,8
48229,TX,Hudspeth County,"Hudspeth County, TX",56700,1,1890.9,215565,7
48231,TX,Hunt County,"Hunt County, TX",117300,1,1677.3,284145,1551
48233,TX,Hutchinson County,"Hutchinson County, TX",97100,0,1069.1,163206,222
48235,TX,Irion County,"Irion County, TX",81800,1,2181.6,313829,7
48237,TX,Jack County,"Jack County, TX",81000,0,1585.5,289160,52
48239,TX,Jackson County,"Jackson County, TX",80600,0,1378.2,204226,95
48241,TX,Jasper County,"Jasper County, TX",69600,0,1420.9,213248,145
48243,TX,Jeff Davis County,"Jeff Davis County, TX",79400,0,1975.9,382000,2
48245,TX,Jefferson County,"Jefferson County, TX",84400,1,1367.3,217124,2067
48247,TX,Jim Hogg County,"Jim Hogg County, TX",52000,0,641.1,88572,16
48249,TX,Jim Wells County,"Jim Wells County, TX",65800,0,1167.5,182898,98
48251,TX,Johnson County,"Johnson County, TX",106700,1,1856.6,337710,2994
48253,TX,Jones County,"Jones County, TX",87300,1,1126.4,171406,129
48255,TX,Karnes County,"Karnes County, TX",77700,0,1358.3,204232,45
48257,TX,Kaufman County,"Kaufman County, TX",117300,1,1677.5,305318,3405
48259,TX,Kendall County,"Kendall County, TX",144700,1,2465.0,600361,790
48263,TX,Kent County,"Kent County, TX",99400,0,1719.0,293833,3
48265,TX,Kerr County,"Kerr County, TX",91600,0,2199.7,355042,490
48267,TX,Kimble County,"Kimble County, TX",99900,0,3525.7,509571,7
48271,TX,Kinney County,"Kinney County, TX",77000,0,1584.9,184696,23
48273,TX,Kleberg County,"Kleberg County, TX",75500,0,1349.4,193376,172
48275,TX,Knox County,"Knox County, TX",67600,0,766.4,122973,31
48283,TX,La Salle County,"La Salle County, TX",64600,0,1104.1,189167,6
48277,TX,Lamar County,"Lamar County, TX",81100,0,1292.3,211654,382
48279,TX,Lamb County,"Lamb County, TX",77200,0,949.6,169237,56
48281,TX,Lampasas County,"Lampasas County, TX",102300,1,1786.6,314773,287
48285,TX,Lavaca County,"Lavaca County, TX",93700,0,1422.0,227032,80
48287,TX,Lee County,"Lee County, TX",81700,0,1942.6,310779,61
48289,TX,Leon County,"Leon County, TX",81400,0,1556.7,248160,88
48291,TX,Liberty County,"Liberty County, TX",101100,1,1587.2,279134,1086
48293,TX,Limestone County,"Limestone County, TX",72000,0,1236.2,174143,129
48295,TX,Lipscomb County,"Lipscomb County, TX",91800,0,991.6,185112,8
48297,TX,Live Oak County,"Live Oak County, TX",76800,0,1481.3,205740,66
48299,TX,Llano County,"Llano County, TX",87800,0,3158.3,569501,512
48303,TX,Lubbock County,"Lubbock County, TX",80000,1,1527.6,247824,5087
48305,TX,Lynn County,"Lynn County, TX",81500,1,1615.0,336733,51
48313,TX,Madison County,"Madison County, TX",84000,0,1619.3,285126,31
48315,TX,Marion County,"Marion County, TX",65400,0,1413.5,195765,69
48317,TX,Martin County,"Martin County, TX",96300,1,855.9,302000,1
48319,TX,Mason County,"Mason County, TX",103100,0,1998.4,290074,66
48321,TX,Matagorda County,"Matagorda County, TX",76600,0,1509.6,242637,341
48323,TX,Maverick County,"Maverick County, TX",66300,1,1977.0,274979,237
48307,TX,McCulloch County,"McCulloch County, TX",81400,0,1180.8,147972,67
48309,TX,McLennan County,"McLennan County, TX",89600,1,1822.9,285521,2678
48311,TX,McMullen County,"McMullen County, TX",78700,0,2800.4,659000,1
48325,TX,Medina County,"Medina County, TX",97200,1,1861.2,360298,874
48327,TX,Menard County,"Menard County, TX",87500,0,2292.0,254658,6
48329,TX,Midland County,"Midland County, TX",118000,1,1503.7,226108,17
48331,TX,Milam County,"Milam County, TX",82600,0,1633.6,241111,153
48333,TX,Mills County,"Mills County, TX",84400,0,1510.3,263877,28
48335,TX,Mitchell County,"Mitchell County, TX",104700,0,845.3,128129,7
48337,TX,Montague County,"Montague County, TX",85500,0,1541.5,221079,183
48339,TX,Montgomery County,"Montgomery County, TX",101100,1,1755.9,331542,14747
48341,TX,Moore County,"Moore County, TX",71800,0,1444.3,204926,187
48343,TX,Morris County,"Morris County, TX",69100,0,1122.4,181463,97
48345,TX,Motley County,"Motley County, TX",79700,0,541.5,97250,4
48347,TX,Nacogdoches County,"Nacogdoches County, TX",79800,0,1590.6,270508,230
48349,TX,Navarro County,"Navarro County, TX",81200,0,1675.7,252249,409
48351,TX,Newton County,"Newton County, TX",65600,0,1320.0,170410,20
48353,TX,Nolan County,"Nolan County, TX",64300,0,1215.0,183987,106
48357,TX,Ochiltree County,"Ochiltree County, TX",89300,0,1025.4,178124,79
48359,TX,Oldham County,"Oldham County, TX",89700,1,1167.5,178000,10
48361,TX,Orange County,"Orange County, TX",84400,1,1356.5,225172,860
48363,TX,Palo Pinto County,"Palo Pinto County, TX",81800,0,2021.3,318875,364
48365,TX,Panola County,"Panola County, TX",89700,0,1574.6,252440,126
48367,TX,Parker County,"Parker County, TX",106700,1,2229.2,467563,2940
48369,TX,Parmer County,"Parmer County, TX",87200,0,1204.4,194908,12
48371,TX,Pecos County,"Pecos County, TX",84000,0,1073.3,141000,1
48373,TX,Polk County,"Polk County, TX",73500,0,1655.5,229546,403
48375,TX,Potter County,"Potter County, TX",99500,1,1442.8,204440,1015
48377,TX,Presidio County,"Presidio County, TX",79400,0,1457.2,337500,2
48379,TX,Rains County,"Rains County, TX",83600,0,2212.7,335222,133
48381,TX,Randall County,"Randall County, TX",99500,1,1708.6,280709,2287
48383,TX,Reagan County,"Reagan County, TX",87600,0,1196.6,155000,3
48385,TX,Real County,"Real County, TX",69300,0,2245.9,393496,23
48387,TX,Red River County,"Red River County, TX",63200,0,1152.4,158692,49
48389,TX,Reeves County,"Reeves County, TX",59800,0,1542.3,290000,1
48391,TX,Refugio County,"Refugio County, TX",72700,0,1338.8,169521,52
48393,TX,Roberts County,"Roberts County, TX",81500,0,1255.4,258500,5
48395,TX,Robertson County,"Robertson County, TX",88500,1,1710.5,265847,112
48397,TX,Rockwall County,"Rockwall County, TX",117300,1,1943.4,433882,2300
48399,TX,Runnels County,"Runnels County, TX",76300,0,1064.1,165625,59
48401,TX,Rusk County,"Rusk County, TX",89700,1,1511.9,244261,345
48403,TX,Sabine County,"Sabine County, TX",74500,0,1863.6,250997,25
48405,TX,San Augustine County,"San Augustine County, TX",54000,0,2204.2,332143,11
48407,TX,San Jacinto County,"San Jacinto County, TX",79500,1,1867.2,286081,232
48411,TX,San Saba County,"San Saba County, TX",70300,0,1678.1,233283,21
48413,TX,Schleicher County,"Schleicher County, TX",95000,0,564.6,118567,3
48415,TX,Scurry County,"Scurry County, TX",88600,0,1267.2,195382,9
48417,TX,Shackelford County,"Shackelford County, TX",96100,0,1130.9,164587,23
48419,TX,Shelby County,"Shelby County, TX",62700,0,1435.2,255789,37
48421,TX,Sherman County,"Sherman County, TX",87600,0,1160.4,184856,18
48423,TX,Smith County,"Smith County, TX",93000,1,1880.7,328018,2732
48425,TX,Somervell County,"Somervell County, TX",104600,0,2211.5,403179,102
48427,TX,Starr County,"Starr County, TX",50900,0,1468.6,222214,110
48429,TX,Stephens County,"Stephens County, TX",74400,0,1352.0,182209,58
48433,TX,Stonewall County,"Stonewall County, TX",94600,0,928.6,138817,10
48435,TX,Sutton County,"Sutton County, TX",72700,0,1078.2,159018,11
48437,TX,Swisher County,"Swisher County, TX",65100,0,835.9,139818,44
48439,TX,Tarrant County,"Tarrant County, TX",106700,1,1960.7,347446,21713
48441,TX,Taylor County,"Taylor County, TX",87300,1,1723.1,253653,2395
48445,TX,Terry County,"Terry County, TX",61400,0,1005.9,168242,49
48447,TX,Throckmorton County,"Throckmorton County, TX",77600,0,516.7,78625,4
48449,TX,Titus County,"Titus County, TX",76700,0,1538.7,268855,151
48451,TX,Tom Green County,"Tom Green County, TX",81800,1,1760.0,268512,1503
48453,TX,Travis County,"Travis County, TX",133800,1,2821.1,506410,13937
48455,TX,Trinity County,"Trinity County, TX",76000,0,1304.8,199949,117
48457,TX,Tyler County,"Tyler County, TX",76900,0,1329.7,195557,123
48459,TX,Upshur County,"Upshur County, TX",85200,1,1493.6,230881,291
48461,TX,Upton County,"Upton County, TX",82800,0,1312.3,190600,5
48463,TX,Uvalde County,"Uvalde County, TX",70000,0,1588.9,245232,113
48465,TX,Val Verde County,"Val Verde County, TX",75000,0,1657.8,255148,316
48467,TX,Van Zandt County,"Van Zandt County, TX",88300,0,1785.8,281584,491
48469,TX,Victoria County,"Victoria County, TX",86800,1,1574.0,249627,736
48471,TX,Walker County,"Walker County, TX",76500,0,1688.5,279923,498
48473,TX,Waller County,"Waller County, TX",101100,1,1712.9,321113,1962
48477,TX,Washington County,"Washington County, TX",100100,0,1908.9,306141,324
48479,TX,Webb County,"Webb County, TX",70300,1,1715.2,255229,958
48481,TX,Wharton County,"Wharton County, TX",87500,0,1365.6,196513,245
48483,TX,Wheeler County,"Wheeler County, TX",78300,0,690.1,121396,27
48485,TX,Wichita County,"Wichita County, TX",89900,1,1388.5,204388,1601
48487,TX,Wilbarger County,"Wilbarger County, TX",81400,0,891.7,139667,48
48489,TX,Willacy County,"Willacy County, TX",58200,0,1602.8,236454,46
48491,TX,Williamson County,"Williamson County, TX",133800,1,2114.5,411050,10375
48493,TX,Wilson County,"Wilson County, TX",98300,1,2076.9,375293,633
48497,TX,Wise County,"Wise County, TX",110600,1,2022.4,367178,1206
48499,TX,Wood County,"Wood County, TX",86600,0,1758.8,281300,597
48501,TX,Yoakum County,"Yoakum County, TX",98400,0,1398.3,247456,34
48503,TX,Young County,"Young County, TX",93000,0,1262.9,196929,126
48505,TX,Zapata County,"Zapata County, TX",43900,0,1200.2,170225,28
48507,TX,Zavala County,"Zavala County, TX",41800,0,926.5,139917,12
49001,UT,Beaver County,"Beaver County, UT",103400,0,2386.9,358019,75
49003,UT,Box Elder County,"Box Elder County, UT",98200,0,2194.3,426656,700
49005,UT,Cache County,"Cache County, UT",103400,1,2180.5,456427,1330
49007,UT,Carbon County,"Carbon County, UT",78900,0,1537.4,272776,251
49009,UT,Daggett County,"Daggett County, UT",97600,0,2946.3,442314,11
49011,UT,Davis County,"Davis County, UT",123100,1,2463.5,532425,3525
49013,UT,Duchesne County,"Duchesne County, UT",89600,0,2167.1,338389,160
49015,UT,Emery County,"Emery County, UT",95400,0,1721.8,291120,64
49017,UT,Garfield County,"Garfield County, UT",83700,0,2695.9,457572,39
49019,UT,Grand County,"Grand County, UT",90600,0,4175.3,536380,113
49021,UT,Iron County,"Iron County, UT",88800,0,2360.6,413767,1166
49023,UT,Juab County,"Juab County, UT",118700,1,1995.7,454667,162
49025,UT,Kane County,"Kane County, UT",111600,0,3172.8,489469,114
49027,UT,Millard County,"Millard County, UT",84400,0,1673.1,332325,83
49029,UT,Morgan County,"Morgan County, UT",123100,1,2562.1,799081,137
49031,UT,Piute County,"Piute County, UT",57400,0,1944.1,313941,16
49033,UT,Rich County,"Rich County, UT",92600,0,2799.2,624994,105
49035,UT,Salt Lake County,"Salt Lake County, UT",122700,1,2781.5,559017,11816
49037,UT,San Juan County,"San Juan County, UT",68300,0,2654.4,463050,44
49039,UT,Sanpete County,"Sanpete County, UT",79100,0,1837.2,394975,242
49041,UT,Sevier County,"Sevier County, UT",88800,0,1759.6,341856,243
49043,UT,Summit County,"Summit County, UT",168600,0,7674.6,1530450,1363
49045,UT,Tooele County,"Tooele County, UT",110300,1,1931.9,461687,1230
49047,UT,Uintah County,"Uintah County, UT",93400,0,2000.6,354390,346
49049,UT,Utah County,"Utah County, UT",118700,1,2305.6,522054,8880
49051,UT,Wasatch County,"Wasatch County, UT",136400,0,4706.5,1196923,1128
49053,UT,Washington County,"Washington County, UT",100700,1,2900.0,543233,2391
49055,UT,Wayne County,"Wayne County, UT",81000,0,3855.3,566429,14
49057,UT,Weber County,"Weber County, UT",123100,1,2402.6,446141,3415
51001,VA,Accomack County,"Accomack County, VA",78600,0,2103.1,304371,431
51003,VA,Albemarle County,"Albemarle County, VA",125800,1,2810.3,547376,2045
51510,VA,Alexandria city,"Alexandria, VA",163900,1,4857.7,690103,2093
51005,VA,Alleghany County,"Alleghany County, VA",75000,0,1082.0,154872,223
51007,VA,Amelia County,"Amelia County, VA",113500,1,2379.6,367786,161
51009,VA,Amherst County,"Amherst County, VA",97800,1,1864.4,284732,317
51011,VA,Appomattox County,"Appomattox County, VA",97800,1,2037.8,293445,215
51013,VA,Arlington County,"Arlington County, VA",163900,1,5164.4,779670,2367
51015,VA,Augusta County,"Augusta County, VA",94400,1,2162.7,339990,1666
51017,VA,Bath County,"Bath County, VA",87100,0,1687.1,266524,49
51019,VA,Bedford County,"Bedford County, VA",97800,1,2007.6,397830,1185
51021,VA,Bland County,"Bland County, VA",72800,0,1708.1,237189,28
51023,VA,Botetourt County,"Botetourt County, VA",90600,1,1786.6,375302,378
51520,VA,Bristol city,"Bristol, VA",79000,1,1459.8,217246,254
51025,VA,Brunswick County,"Brunswick County, VA",66700,0,1872.6,296452,88
51027,VA,Buchanan County,"Buchanan County, VA",53100,0,880.5,143188,44
51029,VA,Buckingham County,"Buckingham County, VA",84400,0,2079.1,278566,136
51530,VA,Buena Vista city,"Buena Vista, VA",85200,0,1603.2,209101,68
51031,VA,Campbell County,"Campbell County, VA",97800,1,1857.4,284520,701
51033,VA,Caroline County,"Caroline County, VA",108200,0,2389.6,366028,492
51035,VA,Carroll County,"Carroll County, VA",72900,0,1844.5,248187,286
51036,VA,Charles City County,"Charles City County, VA",113500,1,2402.6,311412,53
51037,VA,Charlotte County,"Charlotte County, VA",76700,0,1504.7,214869,70
51540,VA,Charlottesville city,"Charlottesville, VA",125800,1,3335.4,506413,471
51550,VA,Chesapeake city,"Chesapeake, VA",106500,1,2341.3,414851,3785
51041,VA,Chesterfield County,"Chesterfield County, VA",113500,1,2274.3,423370,5694
51043,VA,Clarke County,"Clarke County, VA",163900,1,2723.6,565485,192
51570,VA,Colonial Heights city,"Colonial Heights, VA",113500,1,1965.4,287803,267
51580,VA,Covington city,"Covington, VA",75000,0,935.4,121652,68
51045,VA,Craig County,"Craig County, VA",90600,1,1970.5,389064,47
51047,VA,Culpeper County,"Culpeper County, VA",115100,1,2350.7,506761,636
51049,VA,Cumberland County,"Cumberland County, VA",70000,0,2207.7,341005,129
51590,VA,Danville city,"Danville, VA",69600,0,1145.1,152170,447
51051,VA,Dickenson County,"Dickenson County, VA",57400,0,963.6,150713,47
51053,VA,Dinwiddie County,"Dinwiddie County, VA",113500,1,2285.0,313140,287
51595,VA,Emporia city,"Emporia, VA",74400,0,1139.3,194076,38
51057,VA,Essex County,"Essex County, VA",78900,0,2411.2,331377,150
51600,VA,Fairfax city,"Fairfax City County, VA",163900,1,3821.8,813527,343
51059,VA,Fairfax County,"Fairfax County, VA",163900,1,3810.9,756081,12613
51610,VA,Falls Church city,"Falls Church, VA",163900,1,5321.4,1094059,144
51061,VA,Fauquier County,"Fauquier County, VA",163900,1,2709.5,655434,990
51063,VA,Floyd County,"Floyd County, VA",88400,1,2054.7,349114,118
51065,VA,Fluvanna County,"Fluvanna County, VA",125800,1,2156.8,362187,428
51620,VA,Franklin city,"Franklin City County, VA",97000,0,1629.3,252625,159
51067,VA,Franklin County,"Franklin County, VA",90800,1,2128.3,442146,685
51069,VA,Frederick County,"Frederick County, VA",113100,1,2308.8,425218,1882
51630,VA,Fredericksburg city,"Fredericksburg, VA",163900,1,2640.3,472263,275
51640,VA,Galax city,"Galax, VA",72900,0,1426.6,191098,80
51071,VA,Giles County,"Giles County, VA",86500,1,1475.1,236013,139
51073,VA,Gloucester County,"Gloucester County, VA",106500,1,2359.9,390523,457
51075,VA,Goochland County,"Goochland County, VA",113500,1,2860.5,709535,467
51077,VA,Grayson County,"Grayson County, VA",63400,0,1664.4,247744,135
51079,VA,Greene County,"Greene County, VA",125800,1,2369.3,413349,366
51081,VA,Greensville County,"Greensville County, VA",74400,0,1349.7,191520,77
51083,VA,Halifax County,"Halifax County, VA",70400,0,1532.7,213265,221
51650,VA,Hampton city,"Hampton, VA",106500,1,2039.9,293352,1908
51085,VA,Hanover County,"Hanover County, VA",113500,1,2448.4,484489,1480
51660,VA,Harrisonburg city,"Harrisonburg, VA",104200,1,2114.7,302641,324
51087,VA,Henrico County,"Henrico County, VA",113500,1,2526.2,401346,4409
51089,VA,Henry County,"Henry County, VA",68200,0,1201.6,170382,571
51091,VA,Highland County,"Highland County, VA",83200,0,1622.1,454606,17
51670,VA,Hopewell city,"Hopewell, VA",113500,1,1911.5,245875,312
51093,VA,Isle of Wight County,"Isle of Wight County, VA",106500,1,2258.3,436396,673
51095,VA,James City County,"James City County, VA",106500,1,2361.1,512532,1417
51097,VA,King and Queen County,"King & Queen County, VA",94300,1,2203.8,331101,85
51099,VA,King George County,"King George County, VA",134200,0,2323.4,497806,303
51101,VA,King William County,"King William County, VA",113500,1,2281.2,365842,316
51103,VA,Lancaster County,"Lancaster County, VA",91000,0,2476.9,393728,213
51105,VA,Lee County,"Lee County, VA",65000,0,1127.0,162664,134
51678,VA,Lexington city,"Lexington, VA",85200,0,2259.4,385043,53
51107,VA,Loudoun County,"Loudoun County, VA",163900,1,3157.4,763990,5293
51109,VA,Louisa County,"Louisa County, VA",106600,0,2516.4,444242,817
51111,VA,Lunenburg County,"Lunenburg County, VA",76000,0,1464.5,190793,89
51680,VA,Lynchburg city,"Lynchburg, VA",97800,1,1706.8,273061,1174
51113,VA,Madison County,"Madison County, VA",112800,0,2664.1,435995,148
51685,VA,Manassas Park city,"Manassas Park, VA",163900,1,2914.5,479958,190
51683,VA,Manassas city,"Manassas, VA",163900,1,2889.7,498669,451
51690,VA,Martinsville city,"Martinsville, VA",68200,0,1009.6,141612,149
51115,VA,Mathews County,"Mathews County, VA",106500,1,2405.5,374612,123
51117,VA,Mecklenburg County,"Mecklenburg County, VA",79500,0,1955.5,262218,364
51119,VA,Middlesex County,"Middlesex County, VA",99900,0,2518.8,406681,191
51121,VA,Montgomery County,"Montgomery County, VA",109900,1,2229.6,379734,918
51125,VA,Nelson County,"Nelson County, VA",125800,1,2848.5,431040,299
51127,VA,New Kent County,"New Kent County, VA",113500,1,2334.8,461790,518
51700,VA,Newport News city,"Newport News, VA",106500,1,2027.7,297411,2031
51710,VA,Norfolk city,"Norfolk, VA",106500,1,2255.6,326280,3060
51131,VA,Northampton County,"Northampton County, VA",85400,0,2715.0,464161,174
51133,VA,Northumberland County,"Northumberland County, VA",90500,0,2576.1,405300,274
51720,VA,Norton city,"Norton, VA",66000,0,840.0,143968,25
51135,VA,Nottoway County,"Nottoway County, VA",90900,0,1617.3,225654,146
51137,VA,Orange County,"Orange County, VA",118600,0,2334.7,410128,712
51139,VA,Page County,"Page County, VA",78400,0,2120.7,308825,327
51141,VA,Patrick County,"Patrick County, VA",78700,0,1603.3,223541,148
51730,VA,Petersburg city,"Petersburg, VA",113500,1,1621.4,223371,503
51143,VA,Pittsylvania County,"Pittsylvania County, VA",69600,0,1539.6,222183,413
51735,VA,Poquoson city,"Poquoson, VA",106500,1,2237.8,512515,218
51740,VA,Portsmouth city,"Portsmouth, VA",106500,1,1960.2,275718,1712
51145,VA,Powhatan County,"Powhatan County, VA",113500,1,2640.3,509086,434
51147,VA,Prince Edward County,"Prince Edward County, VA",82500,0,1810.8,275564,237
51149,VA,Prince George County,"Prince George County, VA",113500,1,2232.3,357511,339
51153,VA,Prince William County,"Prince William County, VA",163900,1,2710.0,573012,5852
51155,VA,Pulaski County,"Pulaski County, VA",85700,1,1710.4,239085,416
51750,VA,Radford city,"Radford, VA",109900,1,1746.7,267687,131
51157,VA,Rappahannock County,"Rappahannock County, VA",108300,1,3396.2,647828,80
51760,VA,Richmond city,"Richmond City County, VA",113500,1,2743.1,407575,2755
51159,VA,Richmond County,"Richmond County, VA",91500,0,1888.0,279816,70
51770,VA,Roanoke city,"Roanoke City County, VA",90600,1,1439.7,234121,1352
51161,VA,Roanoke County,"Roanoke County, VA",90600,1,1604.9,291234,3016
51163,VA,Rockbridge County,"Rockbridge County, VA",85200,0,1993.8,318896,362
51165,VA,Rockingham County,"Rockingham County, VA",104200,1,2177.5,343107,1450
51167,VA,Russell County,"Russell County, VA",72000,0,1266.3,195881,119
51775,VA,Salem city,"Salem, VA",90600,1,1681.1,288504,301
51169,VA,Scott County,"Scott County, VA",79000,1,1481.8,191481,145
51171,VA,Shenandoah County,"Shenandoah County, VA",87500,0,2246.8,339958,639
51173,VA,Smyth County,"Smyth County, VA",69900,0,1246.4,174642,208
51175,VA,Southampton County,"Southampton County, VA",97000,0,1772.4,306516,160
51177,VA,Spotsylvania County,"Spotsylvania County, VA",163900,1,2323.0,462208,1924
51179,VA,Stafford County,"Stafford County, VA",163900,1,2284.2,541623,1970
51790,VA,Staunton city,"Staunton, VA",94400,1,2093.9,291946,410
51800,VA,Suffolk city,"Suffolk, VA",106500,1,2165.4,399633,1829
51181,VA,Surry County,"Surry County, VA",100300,1,1985.9,335907,68
51183,VA,Sussex County,"Sussex County, VA",113500,1,1619.2,212704,74
51185,VA,Tazewell County,"Tazewell County, VA",69000,0,1073.9,157065,238
51810,VA,Virginia Beach city,"Virginia Beach, VA",106500,1,2579.0,402782,6055
51187,VA,Warren County,"Warren County, VA",103900,1,2406.9,408652,621
51191,VA,Washington County,"Washington County, VA",79000,1,1793.7,301565,463
51820,VA,Waynesboro city,"Waynesboro, VA",94400,1,2131.4,318464,455
51193,VA,Westmoreland County,"Westmoreland County, VA",90300,0,2470.4,326807,453
51830,VA,Williamsburg city,"Williamsburg, VA",106500,1,2332.4,444321,129
51840,VA,Winchester city,"Winchester, VA",113100,1,2307.1,391460,325
51195,VA,Wise County,"Wise County, VA",66000,0,1023.9,148368,247
51197,VA,Wythe County,"Wythe County, VA",83800,0,1651.2,250812,223
51199,VA,York County,"York County, VA",106500,1,2322.4,462562,1030
50001,VT,Addison County,"Addison County, VT",116100,0,2792.8,459301,299
50003,VT,Bennington County,"Bennington County, VT",109300,0,2511.8,424545,474
50005,VT,Caledonia County,"Caledonia County, VT",96600,0,2063.1,323106,297
50007,VT,Chittenden County,"Chittenden County, VT",130400,1,3034.0,514570,1819
50009,VT,Essex County,"Essex County, VT",70800,0,1902.9,250164,92
50011,VT,Franklin County,"Franklin County, VT",130400,1,2425.2,391677,530
50013,VT,Grand Isle County,"Grand Isle County, VT",130400,1,3601.6,542827,119
50015,VT,Lamoille County,"Lamoille County, VT",98200,0,3687.9,602528,335
50017,VT,Orange County,"Orange County, VT",103300,0,2198.2,367564,235
50019,VT,Orleans County,"Orleans County, VT",92200,0,1996.6,296919,390
50021,VT,Rutland County,"Rutland County, VT",96300,0,2055.3,314336,697
50023,VT,Washington County,"Washington County, VT",110400,0,2578.4,401014,691
50025,VT,Windham County,"Windham County, VT",96600,0,2582.5,418397,675
50027,VT,Windsor County,"Windsor County, VT",110500,0,2692.8,445156,930
53001,WA,Adams County,"Adams County, WA",76400,0,2240.2,350580,113
53003,WA,Asotin County,"Asotin County, WA",87100,1,2268.4,344833,257
53005,WA,Benton County,"Benton County, WA",105600,1,2676.4,446487,2815
53007,WA,Chelan County,"Chelan County, WA",96500,1,3438.0,577902,901
53009,WA,Clallam County,"Clallam County, WA",90400,0,3306.6,507469,1045
53011,WA,Clark County,"Clark County, WA",124100,1,3249.9,561162,6448
53013,WA,Columbia County,"Columbia County, WA",109800,0,1744.8,285844,59
53015,WA,Cowlitz County,"Cowlitz County, WA",85500,1,2897.1,423554,1275
53017,WA,Douglas County,"Douglas County, WA",96500,1,3203.2,505577,506
53019,WA,Ferry County,"Ferry County, WA",80700,0,2262.9,305386,65
53021,WA,Franklin County,"Franklin County, WA",105600,1,2767.9,433201,944
53023,WA,Garfield County,"Garfield County, WA",86500,0,1948.9,317794,18
53025,WA,Grant County,"Grant County, WA",91700,0,2521.3,366343,949
53027,WA,Grays Harbor County,"Grays Harbor County, WA",89000,0,2583.9,349013,1084
53029,WA,Island County,"Island County, WA",112300,0,3888.2,632984,1240
53031,WA,Jefferson County,"Jefferson County, WA",106200,0,3908.2,648664,441
53033,WA,King County,"King County, WA",157100,1,5504.8,873003,23922
53035,WA,Kitsap County,"Kitsap County, WA",124300,1,3348.2,589536,3628
53037,WA,Kittitas County,"Kittitas County, WA",107700,0,3564.5,555921,803
53039,WA,Klickitat County,"Klickitat County, WA",93500,0,3180.6,426674,209
53041,WA,Lewis County,"Lewis County, WA",92100,0,2942.0,448339,929
53043,WA,Lincoln County,"Lincoln County, WA",91000,0,1914.0,344718,103
53045,WA,Mason County,"Mason County, WA",104300,0,3254.5,460905,791
53047,WA,Okanogan County,"Okanogan County, WA",78200,0,2492.2,365624,328
53049,WA,Pacific County,"Pacific County, WA",89900,0,2891.7,366301,360
53051,WA,Pend Oreille County,"Pend Oreille County, WA",83400,0,2681.2,399284,140
53053,WA,Pierce County,"Pierce County, WA",120800,1,3387.7,576582,10642
53055,WA,San Juan County,"San Juan County, WA",113200,0,5956.3,1024652,217
53057,WA,Skagit County,"Skagit County, WA",111600,1,3804.8,611109,1398
53059,WA,Skamania County,"Skamania County, WA",124100,1,3390.6,572339,109
53061,WA,Snohomish County,"Snohomish County, WA",157100,1,4379.5,744710,9126
53063,WA,Spokane County,"Spokane County, WA",100800,1,2338.0,430947,6700
53065,WA,Stevens County,"Stevens County, WA",88400,1,2394.5,396631,451
53067,WA,Thurston County,"Thurston County, WA",116700,1,3161.5,536041,3578
53069,WA,Wahkiakum County,"Wahkiakum County, WA",71300,0,2914.1,457186,57
53071,WA,Walla Walla County,"Walla Walla County, WA",97900,1,2687.2,442207,608
53073,WA,Whatcom County,"Whatcom County, WA",108400,1,3944.3,632328,2672
53075,WA,Whitman County,"Whitman County, WA",98300,0,2218.3,389699,404
53077,WA,Yakima County,"Yakima County, WA",82300,1,2497.7,376538,1887
55001,WI,Adams County,"Adams County, WI",84500,0,1886.2,260675,491
55003,WI,Ashland County,"Ashland County, WI",88700,0,1305.0,178535,190
55005,WI,Barron County,"Barron County, WI",89100,0,1760.4,283057,569
55007,WI,Bayfield County,"Bayfield County, WI",90700,0,2335.9,326042,253
55009,WI,Brown County,"Brown County, WI",110500,1,2030.8,359857,2968
55011,WI,Buffalo County,"Buffalo County, WI",89500,0,1548.0,234774,122
55013,WI,Burnett County,"Burnett County, WI",84700,0,2412.3,310582,341
55015,WI,Calumet County,"Calumet County, WI",111500,1,2061.7,370513,634
55017,WI,Chippewa County,"Chippewa County, WI",103200,1,1848.0,323829,679
55019,WI,Clark County,"Clark County, WI",88300,0,1389.0,199324,243
55021,WI,Columbia County,"Columbia County, WI",106100,1,2000.5,339032,671
55023,WI,Crawford County,"Crawford County, WI",86100,0,1533.1,227092,132
55025,WI,Dane County,"Dane County, WI",129800,1,2577.1,459172,6521
55027,WI,Dodge County,"Dodge County, WI",98500,0,1979.1,299407,859
55029,WI,Door County,"Door County, WI",103700,0,3065.5,464917,604
55033,WI,Dunn County,"Dunn County, WI",98800,0,1760.6,305252,375
55035,WI,Eau Claire County,"Eau Claire County, WI",103200,1,1824.3,304310,1095
55037,WI,Florence County,"Florence County, WI",82900,0,2021.3,215638,56
55039,WI,Fond du Lac County,"Fond du Lac County, WI",97800,1,1791.2,264147,1094
55041,WI,Forest County,"Forest County, WI",76600,0,1941.0,268552,118
55043,WI,Grant County,"Grant County, WI",92600,0,1427.8,215702,411
55045,WI,Green County,"Green County, WI",105800,1,1941.7,294073,398
55047,WI,Green Lake County,"Green Lake County, WI",91500,0,1889.4,283168,267
55049,WI,Iowa County,"Iowa County, WI",113400,1,1853.9,316677,218
55051,WI,Iron County,"Iron County, WI",82000,0,2408.0,300607,104
55053,WI,Jackson County,"Jackson County, WI",87400,0,1534.5,229403,211
55055,WI,Jefferson County,"Jefferson County, WI",111000,0,2161.8,353211,931
55057,WI,Juneau County,"Juneau County, WI",85800,0,1825.5,248375,403
55059,WI,Kenosha County,"Kenosha County, WI",112600,1,2162.7,320107,1699
55061,WI,Kewaunee County,"Kewaunee County, WI",110500,1,1927.3,291135,190
55063,WI,La Crosse County,"La Crosse County, WI",109200,1,1875.9,315718,1323
55065,WI,Lafayette County,"Lafayette County, WI",93300,0,1417.3,228622,139
55067,WI,Langlade County,"Langlade County, WI",80500,0,1447.2,218003,223
55069,WI,Lincoln County,"Lincoln County, WI",95000,0,1636.2,243837,315
55071,WI,Manitowoc County,"Manitowoc County, WI",96800,0,1635.1,234634,889
55073,WI,Marathon County,"Marathon County, WI",98800,1,1634.6,277231,1395
55075,WI,Marinette County,"Marinette County, WI",81900,0,1695.6,221553,612
55077,WI,Marquette County,"Marquette County, WI",84200,0,1897.9,270075,231
55078,WI,Menominee County,"Menominee County, WI",70500,0,3273.1,570103,39
55079,WI,Milwaukee County,"Milwaukee County, WI",110700,1,2018.7,278809,9618
55081,WI,Monroe County,"Monroe County, WI",91500,0,1654.4,259668,438
55083,WI,Oconto County,"Oconto County, WI",97900,1,2004.2,318046,424
55085,WI,Oneida County,"Oneida County, WI",96300,0,2330.7,369248,635
55087,WI,Outagamie County,"Outagamie County, WI",111500,1,1990.4,328176,2241
55089,WI,Ozaukee County,"Ozaukee County, WI",110700,1,2532.5,491548,1134
55091,WI,Pepin County,"Pepin County, WI",93800,0,1564.8,246193,61
55093,WI,Pierce County,"Pierce County, WI",132400,1,2079.4,377446,384
55095,WI,Polk County,"Polk County, WI",97500,0,2030.8,318900,627
55097,WI,Portage County,"Portage County, WI",97800,0,1750.7,315117,641
55099,WI,Price County,"Price County, WI",80800,0,1680.8,236118,215
55101,WI,Racine County,"Racine County, WI",98600,1,1996.3,298643,2373
55103,WI,Richland County,"Richland County, WI",88000,0,1729.0,237316,117
55105,WI,Rock County,"Rock County, WI",98600,1,1862.1,289280,2120
55107,WI,Rusk County,"Rusk County, WI",79600,0,1538.9,205036,183
55111,WI,Sauk County,"Sauk County, WI",102600,0,2018.4,328793,794
55113,WI,Sawyer County,"Sawyer County, WI",84100,0,2554.0,358996,395
55115,WI,Shawano County,"Shawano County, WI",86600,0,1633.2,254140,419
55117,WI,Sheboygan County,"Sheboygan County, WI",102000,1,1996.6,292975,1220
55109,WI,St. Croix County,"St. Croix County, WI",132400,1,2184.6,424727,1344
55119,WI,Taylor County,"Taylor County, WI",85800,0,1488.5,213986,157
55121,WI,Trempealeau County,"Trempealeau County, WI",97700,0,1615.4,272820,256
55123,WI,Vernon County,"Vernon County, WI",95400,1,1855.2,279801,244
55125,WI,Vilas County,"Vilas County, WI",89700,0,3034.6,433949,509
55127,WI,Walworth County,"Walworth County, WI",109600,0,2534.6,400610,1509
55129,WI,Washburn County,"Washburn County, WI",86100,0,2216.6,338588,241
55131,WI,Washington County,"Washington County, WI",110700,1,2244.3,396103,1716
55133,WI,Waukesha County,"Waukesha County, WI",110700,1,2546.4,494203,5027
55135,WI,Waupaca County,"Waupaca County, WI",94800,0,1754.2,256606,526
55137,WI,Waushara County,"Waushara County, WI",86700,0,2106.1,291637,290
55139,WI,Winnebago County,"Winnebago County, WI",103600,1,1862.1,283839,1976
55141,WI,Wood County,"Wood County, WI",89000,0,1447.4,224550,876
54001,WV,Barbour County,"Barbour County, WV",68600,0,1101.3,144785,60
54003,WV,Berkeley County,"Berkeley County, WV",99600,1,1868.6,319895,2550
54005,WV,Boone County,"Boone County, WV",76900,1,857.2,129352,55
54007,WV,Braxton County,"Braxton County, WV",52600,0,1042.7,180133,15
54009,WV,Brooke County,"Brooke County, WV",80200,1,1080.5,143045,164
54011,WV,Cabell County,"Cabell County, WV",78600,1,1205.2,187781,699
54013,WV,Calhoun County,"Calhoun County, WV",51400,0,1077.4,153235,17
54015,WV,Clay County,"Clay County, WV",76800,1,1132.1,156767,15
54017,WV,Doddridge County,"Doddridge County, WV",85300,0,1146.8,169523,22
54019,WV,Fayette County,"Fayette County, WV",73400,1,1122.3,157856,154
54021,WV,Gilmer County,"Gilmer County, WV",62900,0,1123.4,149475,4
54023,WV,Grant County,"Grant County, WV",81000,0,1592.9,205718,55
54025,WV,Greenbrier County,"Greenbrier County, WV",71800,0,1722.9,232342,273
54027,WV,Hampshire County,"Hampshire County, WV",113100,1,1986.9,263353,290
54029,WV,Hancock County,"Hancock County, WV",80200,1,1236.5,145711,283
54031,WV,Hardy County,"Hardy County, WV",67100,0,2072.0,275035,130
54033,WV,Harrison County,"Harrison County, WV",84700,0,1376.7,204804,526
54035,WV,Jackson County,"Jackson County, WV",83100,0,1319.4,211094,109
54037,WV,Jefferson County,"Jefferson County, WV",127600,1,1987.0,389294,1447
54039,WV,Kanawha County,"Kanawha County, WV",76800,1,1176.9,177769,1215
54041,WV,Lewis County,"Lewis County, WV",77000,0,996.6,148477,81
54043,WV,Lincoln County,"Lincoln County, WV",62600,0,1114.5,210702,43
54045,WV,Logan County,"Logan County, WV",59700,0,1001.3,158965,72
54049,WV,Marion County,"Marion County, WV",90500,0,1394.3,200528,477
54051,WV,Marshall County,"Marshall County, WV",82100,1,1198.6,155033,235
54053,WV,Mason County,"Mason County, WV",76100,0,1166.0,193067,70
54047,WV,McDowell County,"McDowell County, WV",42400,0,535.5,67364,11
54055,WV,Mercer County,"Mercer County, WV",71400,0,1108.6,172408,203
54057,WV,Mineral County,"Mineral County, WV",94400,0,1363.6,214725,233
54059,WV,Mingo County,"Mingo County, WV",55400,0,1006.6,155975,20
54061,WV,Monongalia County,"Monongalia County, WV",98400,1,1758.1,307118,1079
54063,WV,Monroe County,"Monroe County, WV",73500,0,1568.3,201596,71
54065,WV,Morgan County,"Morgan County, WV",82400,1,2056.4,319970,371
54067,WV,Nicholas County,"Nicholas County, WV",78400,0,1435.6,229753,32
54069,WV,Ohio County,"Ohio County, WV",82100,1,1249.7,174922,376
54071,WV,Pendleton County,"Pendleton County, WV",71300,0,1803.5,242102,49
54073,WV,Pleasants County,"Pleasants County, WV",83000,0,1277.2,185388,51
54075,WV,Pocahontas County,"Pocahontas County, WV",63000,0,2582.9,216782,163
54077,WV,Preston County,"Preston County, WV",98400,1,1483.5,250558,180
54079,WV,Putnam County,"Putnam County, WV",101500,1,1593.4,304796,445
54081,WV,Raleigh County,"Raleigh County, WV",78500,1,1271.8,189966,595
54083,WV,Randolph County,"Randolph County, WV",74800,0,1233.0,192007,146
54085,WV,Ritchie County,"Ritchie County, WV",66000,0,1033.8,194059,29
54087,WV,Roane County,"Roane County, WV",56300,0,1093.0,155086,21
54089,WV,Summers County,"Summers County, WV",70000,0,1491.1,200051,55
54091,WV,Taylor County,"Taylor County, WV",72300,0,1325.2,212967,76
54093,WV,Tucker County,"Tucker County, WV",76500,0,2298.1,356274,115
54095,WV,Tyler County,"Tyler County, WV",87800,0,1040.5,136856,43
54097,WV,Upshur County,"Upshur County, WV",72500,0,1263.8,198352,104
54099,WV,Wayne County,"Wayne County, WV",78600,1,1206.2,162983,225
54101,WV,Webster County,"Webster County, WV",53900,0,906.3,120645,11
54103,WV,Wetzel County,"Wetzel County, WV",74600,0,1115.2,142427,105
54105,WV,Wirt County,"Wirt County, WV",72400,1,1294.1,183475,20
54107,WV,Wood County,"Wood County, WV",72400,1,1336.4,181197,713
54109,WV,Wyoming County,"Wyoming County, WV",59300,0,765.6,100214,28
56001,WY,Albany County,"Albany County, WY",104100,0,2205.4,395029,367
56003,WY,Big Horn County,"Big Horn County, WY",87500,0,1532.0,289059,78
56005,WY,Campbell County,"Campbell County, WY",112800,0,2203.9,434878,9
56007,WY,Carbon County,"Carbon County, WY",82200,0,1363.0,220040,170
56009,WY,Converse County,"Converse County, WY",103200,0,1723.7,314625,142
56011,WY,Crook County,"Crook County, WY",105600,0,2563.7,527432,22
56013,WY,Fremont County,"Fremont County, WY",88500,0,1940.2,326360,354
56015,WY,Goshen County,"Goshen County, WY",83600,0,1325.6,231493,150
56017,WY,Hot Springs County,"Hot Springs County, WY",97000,0,1402.7,209966,40
56019,WY,Johnson County,"Johnson County, WY",83200,0,2456.5,437679,100
56021,WY,Laramie County,"Laramie County, WY",96900,1,2019.6,407843,1582
56023,WY,Lincoln County,"Lincoln County, WY",117600,0,3021.8,540190,282
56025,WY,Natrona County,"Natrona County, WY",98300,1,1791.7,315336,1273
56027,WY,Niobrara County,"Niobrara County, WY",70000,0,903.7,123000,1
56029,WY,Park County,"Park County, WY",99500,0,2543.6,471509,386
56031,WY,Platte County,"Platte County, WY",77900,0,1565.5,274519,112
56033,WY,Sheridan County,"Sheridan County, WY",108000,0,3016.3,435560,497
56035,WY,Sublette County,"Sublette County, WY",114400,0,3042.5,519945,90
56037,WY,Sweetwater County,"Sweetwater County, WY",107500,0,1610.2,309496,417
56039,WY,Teton County,"Teton County, WY",141500,0,14127.3,2742583,290
56041,WY,Uinta County,"Uinta County, WY",103600,0,1803.9,333503,204
56043,WY,Washakie County,"Washakie County, WY",87300,0,1508.9,266528,95
56045,WY,Weston County,"Weston County, WY",100700,0,1067.0,288108,6
